episode,coop_rate,avg_capital,risk_rate,loss,p_loss
100,0.05999999865889549,11.400999069213867,0.06249999999980469,272.8753967285156,-0.08916010707616806
200,0.019999999552965164,11.053625106811523,0.040312499999874025,330.4068908691406,-0.2561623156070709
300,0.03312499821186066,11.212499618530273,0.048437499999848636,28.081743240356445,0.19617190957069397
400,0.019999999552965164,11.007250785827637,0.03656249999988574,20.581308364868164,0.16955949366092682
500,0.007499999832361937,10.968000411987305,0.028749999999910156,25.823801040649414,-0.6291807889938354
600,0.03125,11.227749824523926,0.04656249999985449,17.739830017089844,-0.0700325295329094
700,0.08062499761581421,11.524747848510742,0.08062499999974805,33.54008865356445,-0.5579241514205933
800,0.0037499999161809683,11.095124244689941,0.042499999999867186,20.035249710083008,0.05540425702929497
900,0.042500000447034836,11.32499885559082,0.05437499999983008,17.127452850341797,-0.109214648604393
1000,0.07249999791383743,11.80049991607666,0.09687499999969727,20.30329704284668,0.22970964014530182
1100,0.016874998807907104,11.214875221252441,0.055937499999825196,13.640385627746582,0.1663401573896408
1200,0.06749999523162842,11.642374038696289,0.10062499999968555,12.828902244567871,0.2833671569824219
1300,0.051249999552965164,11.649999618530273,0.08906249999972168,22.698911666870117,0.278655469417572
1400,0.0949999988079071,11.976123809814453,0.1146874999996416,85.96638488769531,-0.6500577330589294
1500,0.08312499523162842,11.907249450683594,0.12218749999961817,14.5354585647583,0.018533162772655487
1600,0.1274999976158142,12.16049861907959,0.1362499999995742,29.086483001708984,0.027824129909276962
1700,0.08937499672174454,11.92562484741211,0.119999999999625,60.05934143066406,-0.6052963733673096
1800,0.07999999821186066,12.05687427520752,0.12843749999959864,15.406874656677246,-0.08570998162031174
1900,0.07312499731779099,12.292123794555664,0.14187499999955663,29.380712509155273,-0.031402043998241425
2000,0.0637499988079071,12.116873741149902,0.1318749999995879,41.982120513916016,-0.1878802478313446
2100,0.06937500089406967,11.72137451171875,0.11843749999962988,18.972078323364258,0.8683412075042725
2200,0.09062499552965164,12.29012393951416,0.15624999999951172,29.323930740356445,0.23626819252967834
2300,0.1224999949336052,12.592123985290527,0.17749999999944532,42.606117248535156,-0.19424153864383698
2400,0.08937499672174454,12.157374382019043,0.15531249999951466,14.237359046936035,0.08256640285253525
2500,0.09999999403953552,12.529623985290527,0.17968749999943848,28.845722198486328,-0.06769426167011261
2600,0.1068749949336052,12.699874877929688,0.19781249999938183,46.00829315185547,-0.0924782082438469
2700,0.1106249988079071,12.5962495803833,0.1984374999993799,26.027828216552734,0.054070066660642624
2800,0.09562499821186066,12.606624603271484,0.22437499999929883,25.143701553344727,0.023801805451512337
2900,0.07750000059604645,12.45012378692627,0.18437499999942383,47.53923797607422,0.20418685674667358
3000,0.11312499642372131,12.349749565124512,0.19687499999938476,20.878860473632812,0.17048591375350952
3100,0.11749999970197678,12.890499114990234,0.22437499999929883,34.46883010864258,0.2054661363363266
3200,0.15562500059604645,13.42237377166748,0.2649999999991719,28.899158477783203,-0.04940264672040939
3300,0.1368750035762787,13.350250244140625,0.2609374999991846,32.26198959350586,-0.14355087280273438
3400,0.10749999433755875,13.208374977111816,0.24562499999923243,18.64844512939453,0.08430556207895279
3500,0.08937499672174454,12.711874961853027,0.23124999999927734,16.497529983520508,0.10233171284198761
3600,0.09187499433755875,12.903623580932617,0.24249999999924218,16.33148193359375,0.044622015208005905
3700,0.03749999776482582,12.41512393951416,0.20343749999936425,14.157716751098633,0.028812751173973083
3800,0.14999999105930328,13.182124137878418,0.2743749999991426,20.552610397338867,0.07967744767665863
3900,0.1224999949336052,13.473750114440918,0.2968749999990723,23.0401611328125,-0.064889095723629
4000,0.14687499403953552,13.375998497009277,0.30406249999904983,15.086915016174316,0.12424197047948837
4100,0.08812499791383743,13.248373985290527,0.2612499999991836,40.92473602294922,0.19785363972187042
4200,0.11124999821186066,13.277998924255371,0.29874999999906643,22.363901138305664,0.052907947450876236
4300,0.11562499403953552,13.175748825073242,0.29749999999907034,14.994142532348633,-0.08046940714120865
4400,0.09687499701976776,13.278373718261719,0.30843749999903614,23.102073669433594,-0.05548940598964691
4500,0.16875000298023224,14.332748413085938,0.3649999999988594,25.45908546447754,0.09926578402519226
4600,0.1106249988079071,13.509623527526855,0.31874999999900394,27.0625057220459,0.042520321905612946
4700,0.12999999523162842,13.504875183105469,0.33781249999894436,37.149906158447266,0.03615669161081314
4800,0.1981249898672104,14.344124794006348,0.3915624999987764,19.00304412841797,0.18377403914928436
4900,0.16437499225139618,13.868499755859375,0.3490624999989092,32.62362289428711,0.08155496418476105
5000,0.12124999612569809,13.21574878692627,0.3228124999989912,20.99872589111328,-0.15213462710380554
5100,0.11999999731779099,13.825373649597168,0.3249999999989844,26.627038955688477,0.1599052995443344
5200,0.14812499284744263,13.84174919128418,0.3690624999988467,22.862934112548828,0.048159465193748474
5300,0.11749999970197678,13.703248977661133,0.3281249999989746,16.531301498413086,0.07354627549648285
5400,0.10312499850988388,13.737874031066895,0.3384374999989424,18.339160919189453,-0.15261827409267426
5500,0.12937499582767487,13.670873641967773,0.34218749999893067,24.37895393371582,-0.15549592673778534
5600,0.1068749949336052,13.28637409210205,0.31031249999903027,18.587871551513672,-0.1254386305809021
5700,0.06749999523162842,12.86574935913086,0.2865624999991045,14.109067916870117,-0.03977939113974571
5800,0.13625000417232513,14.103999137878418,0.35499999999889065,17.22316551208496,-0.033620428293943405
5900,0.08749999850988388,13.269248962402344,0.2990624999990654,20.116037368774414,-0.14442816376686096
6000,0.13374999165534973,13.177498817443848,0.31999999999900003,20.477832794189453,-0.12465096265077591
6100,0.1525000035762787,14.168374061584473,0.3637499999988633,22.829557418823242,0.1803753525018692
6200,0.10187499970197678,13.368998527526855,0.3215624999989951,14.936098098754883,0.010176250711083412
6300,0.08500000089406967,13.41624927520752,0.306874999999041,18.712413787841797,-0.18877370655536652
6400,0.07750000059604645,12.834623336791992,0.29781249999906934,23.717838287353516,-0.300719678401947
6500,0.08687499910593033,13.24887466430664,0.2843749999991113,19.457313537597656,0.005936077795922756
6600,0.08124999701976776,13.208000183105469,0.306874999999041,15.57530403137207,-0.08889566361904144
6700,0.13750000298023224,13.86824893951416,0.36687499999885353,17.844383239746094,0.0372161865234375
6800,0.13312499225139618,13.772748947143555,0.3649999999988594,21.923437118530273,-0.0011739730834960938
6900,0.07187499850988388,13.446748733520508,0.3159374999990127,23.477867126464844,-0.13733142614364624
7000,0.09187499433755875,13.265873908996582,0.32937499999897074,23.514904022216797,-0.04582568630576134
7100,0.10999999940395355,13.21674919128418,0.3365624999989483,15.893869400024414,-0.23344449698925018
7200,0.1356249898672104,13.495624542236328,0.35281249999889747,25.425722122192383,-0.46511775255203247
7300,0.09999999403953552,13.914623260498047,0.34874999999891015,24.250774383544922,-0.01300593838095665
7400,0.1599999964237213,14.357624053955078,0.45374999999858207,19.782649993896484,-0.036914825439453125
7500,0.10749999433755875,14.297499656677246,0.4193749999986895,18.373615264892578,0.04448700323700905
7600,0.10187499970197678,13.905498504638672,0.39999999999875,21.986358642578125,-0.09897954761981964
7700,0.12999999523162842,14.259374618530273,0.4293749999986582,28.529769897460938,0.09719964861869812
7800,0.06562499701976776,13.068248748779297,0.34437499999892385,13.743830680847168,-0.10560362786054611
7900,0.08937499672174454,13.713000297546387,0.36062499999887304,27.179794311523438,-0.008145741187036037
8000,0.10249999910593033,13.730874061584473,0.3821874999988057,17.992971420288086,0.1022949293255806
8100,0.08874999731779099,13.25925064086914,0.35906249999887796,24.22710609436035,0.0010416848817840219
8200,0.06437499821186066,13.680624961853027,0.39218749999877445,17.983753204345703,0.005166599061340094
8300,0.10374999791383743,13.940250396728516,0.39093749999877836,14.840571403503418,-0.039711274206638336
8400,0.12312499433755875,14.006498336791992,0.39531249999876467,26.36978530883789,0.417230486869812
8500,0.1106249988079071,14.088624000549316,0.4056249999987324,20.768901824951172,-0.04105643182992935
8600,0.1068749949336052,13.9921236038208,0.3918749999987754,23.14215850830078,0.3256545960903168
8700,0.1356249898672104,14.634749412536621,0.41656249999869827,38.211463928222656,0.007271971553564072
8800,0.10999999940395355,13.777375221252441,0.3928124999987725,18.057273864746094,-0.12155117839574814
8900,0.08500000089406967,13.3149995803833,0.36593749999885644,19.163331985473633,-0.23706205189228058
9000,0.11249999701976776,14.151498794555664,0.3946874999987666,20.07842445373535,-0.05521686002612114
9100,0.12687499821186066,14.69124984741211,0.41343749999870805,46.18172836303711,0.15514394640922546
9200,0.10499999672174454,14.38537311553955,0.4118749999987129,17.565706253051758,0.14470291137695312
9300,0.13312499225139618,14.181123733520508,0.4078124999987256,16.917184829711914,-0.2222220003604889
9400,0.10875000059604645,14.016874313354492,0.39031249999878026,21.299636840820312,-0.12842193245887756
9500,0.140625,14.352123260498047,0.4334374999986455,24.198972702026367,-0.13527069985866547
9600,0.1837499886751175,15.216623306274414,0.4556249999985762,26.972570419311523,-0.250823974609375
9700,0.1537500023841858,14.347623825073242,0.4090624999987217,17.16425895690918,-0.1338934302330017
9800,0.11312499642372131,14.309248924255371,0.41343749999870805,18.888505935668945,0.0011149134952574968
9900,0.10499999672174454,14.201122283935547,0.3796874999988135,24.902509689331055,0.03664606064558029
10000,0.09062499552965164,13.681498527526855,0.3874999999987891,14.873397827148438,-0.08727537095546722
10100,0.09187499433755875,14.486373901367188,0.41343749999870805,15.146132469177246,-0.17425163090229034
10200,0.1287499964237213,14.495624542236328,0.40843749999872364,26.40392303466797,-0.00177356181666255
10300,0.13062499463558197,14.187498092651367,0.4143749999987051,16.07526397705078,-0.1639740914106369
10400,0.125,14.059123039245605,0.39906249999875293,17.19266700744629,0.06118202582001686
10500,0.14562499523162842,14.636249542236328,0.41781249999869435,24.297531127929688,0.04795340448617935
10600,0.16437499225139618,14.61999797821045,0.46968749999853227,23.407567977905273,-0.10418269038200378
10700,0.1274999976158142,14.07437515258789,0.3971874999987588,37.9459114074707,0.07675566524267197
10800,0.12937499582767487,14.015997886657715,0.3759374999988252,28.51804542541504,0.02069813944399357
10900,0.1574999988079071,14.586874961853027,0.41687499999869726,27.223783493041992,-0.41701987385749817
11000,0.13124999403953552,14.464122772216797,0.42093749999868457,48.446998596191406,-0.559550940990448
11100,0.14562499523162842,14.27862548828125,0.4156249999987012,21.76139259338379,-0.031152591109275818
11200,0.109375,14.479999542236328,0.40593749999873147,22.579816818237305,-0.6041992902755737
11300,0.19999998807907104,15.001498222351074,0.47874999999850393,25.765628814697266,0.2974376678466797
11400,0.1081250011920929,14.234373092651367,0.40406249999873733,16.912593841552734,-0.009009702131152153
11500,0.13249999284744263,14.394623756408691,0.43156249999865137,16.933382034301758,-0.18124781548976898
11600,0.12687499821186066,14.237749099731445,0.4056249999987324,25.086984634399414,-0.34958091378211975
11700,0.07625000178813934,14.12099838256836,0.3971874999987588,19.920351028442383,-0.21558088064193726
11800,0.1237499937415123,14.137499809265137,0.40312499999874024,16.915987014770508,-0.040581703186035156
11900,0.07062499970197678,13.496623992919922,0.3678124999988506,16.10561752319336,-0.006015232764184475
12000,0.08500000089406967,13.860624313354492,0.39906249999875293,17.2706241607666,-0.07429477572441101
12100,0.1262499988079071,14.09337329864502,0.40812499999872465,23.980125427246094,-0.0453120656311512
12200,0.1287499964237213,14.52187442779541,0.426874999998666,18.889448165893555,-0.26081544160842896
12300,0.1274999976158142,14.259124755859375,0.39874999999875393,28.12276268005371,-0.03799547627568245
12400,0.08124999701976776,13.653373718261719,0.3715624999988389,18.569364547729492,-0.2720932364463806
12500,0.16562499105930328,14.964998245239258,0.46468749999854786,17.68224334716797,-0.1450030505657196
12600,0.17812499403953552,15.2423734664917,0.48406249999848733,19.59705924987793,-0.06957068294286728
12700,0.11749999970197678,14.197999000549316,0.40624999999873046,17.746129989624023,-0.4242396652698517
12800,0.11374999582767487,14.04112434387207,0.4024999999987422,19.312419891357422,0.0299955103546381
12900,0.07625000178813934,13.89024829864502,0.3915624999987764,25.119773864746094,0.48300719261169434
13000,0.1599999964237213,14.77074909210205,0.4578124999985694,19.199769973754883,0.05079664662480354
13100,0.140625,14.84749984741211,0.4278124999986631,26.27442169189453,-0.13265638053417206
13200,0.1862500011920929,15.01937484741211,0.45937499999856446,21.535064697265625,0.0933903306722641
13300,0.11999999731779099,14.885124206542969,0.40312499999874024,21.053083419799805,0.12998135387897491
13400,0.125,14.5052490234375,0.3959374999987627,29.1339168548584,0.08106409013271332
13500,0.13062499463558197,14.453874588012695,0.39093749999877836,18.135414123535156,0.061944179236888885
13600,0.1368750035762787,14.675873756408691,0.4087499999987227,15.52553653717041,-0.013467107899487019
13700,0.13249999284744263,14.583624839782715,0.37624999999882425,21.977886199951172,0.056257933378219604
13800,0.12687499821186066,13.831623077392578,0.35937499999887695,12.922768592834473,-0.06333140283823013
13900,0.109375,14.41887378692627,0.3768749999988223,25.954364776611328,-0.17622369527816772
14000,0.12562499940395355,14.213624000549316,0.39656249999876075,19.025846481323242,-0.0955679789185524
14100,0.16124999523162842,14.414874076843262,0.3981249999987559,17.820789337158203,-0.011917557567358017
14200,0.16124999523162842,14.659374237060547,0.373124999998834,17.654834747314453,-0.06787507981061935
14300,0.11562499403953552,14.315373420715332,0.3796874999988135,24.356525421142578,-0.14952592551708221
14400,0.11437499523162842,14.402749061584473,0.37093749999884085,22.43720245361328,-0.47786271572113037
14500,0.09187499433755875,13.532750129699707,0.3299999999989688,20.071638107299805,0.2448045313358307
14600,0.17000000178813934,14.454373359680176,0.40093749999874706,16.17742156982422,0.6173780560493469
14700,0.15062499046325684,14.401999473571777,0.3968749999987598,18.8941593170166,-0.26794224977493286
14800,0.12562499940395355,14.266249656677246,0.346249999998918,17.836959838867188,-0.050376858562231064
14900,0.1368750035762787,14.729999542236328,0.39031249999878026,17.880615234375,-0.045351576060056686
15000,0.14749999344348907,14.277873039245605,0.3715624999988389,18.60708999633789,0.328754723072052
15100,0.10562499612569809,14.275248527526855,0.3587499999988789,15.006009101867676,0.04045173153281212
15200,0.16875000298023224,14.906999588012695,0.39781249999875684,17.993440628051758,-0.7359623312950134
15300,0.09062499552965164,14.075623512268066,0.3521874999988994,26.048995971679688,0.31474006175994873
15400,0.11874999850988388,14.417123794555664,0.37656249999882324,28.52979278564453,0.9310538172721863
15500,0.16499999165534973,15.20574951171875,0.4321874999986494,25.250402450561523,-0.9839374423027039
15600,0.14624999463558197,14.849498748779297,0.41374999999870704,19.79483413696289,-0.35100623965263367
15700,0.17249999940395355,14.992873191833496,0.4334374999986455,22.976703643798828,-0.9246523976325989
15800,0.15625,15.142748832702637,0.43374999999864455,26.12627601623535,-0.3014710545539856
15900,0.12937499582767487,15.094499588012695,0.400312499998749,21.266347885131836,-1.2982418537139893
16000,0.1237499937415123,14.742498397827148,0.38468749999879787,20.73639678955078,-0.21787317097187042
16100,0.1381250023841858,14.96299934387207,0.41249999999871095,18.215740203857422,-0.19054952263832092
16200,0.1693750023841858,14.760997772216797,0.4171874999986963,14.429278373718262,-0.3205035328865051
16300,0.11687500029802322,14.239872932434082,0.36031249999887405,29.570154190063477,-0.6790167093276978
16400,0.11999999731779099,14.39787483215332,0.38499999999879686,25.36937141418457,-0.4443832337856293
16500,0.13124999403953552,14.869250297546387,0.42218749999868066,17.505083084106445,0.23092502355575562
16600,0.09749999642372131,13.777998924255371,0.33937499999893944,27.801513671875,1.4848321676254272
16700,0.1393750011920929,15.10637378692627,0.4303124999986553,27.16370964050293,-1.2905935049057007
16800,0.10374999791383743,14.049749374389648,0.3743749999988301,22.552684783935547,0.791097104549408
16900,0.1287499964237213,14.730499267578125,0.426562499998667,15.240788459777832,-0.8041053414344788
17000,0.1224999949336052,14.423748016357422,0.37499999999882816,16.087772369384766,0.5546525120735168
17100,0.109375,14.076250076293945,0.359999999998875,18.563461303710938,0.18740764260292053
17200,0.09375,13.763249397277832,0.346249999998918,15.718809127807617,-0.5016748309135437
17300,0.1262499988079071,15.260124206542969,0.4374999999986328,24.310489654541016,-0.3323768675327301
17400,0.16749998927116394,15.222373962402344,0.43906249999862795,20.533035278320312,-1.130899429321289
17500,0.140625,15.083125114440918,0.4290624999986592,23.905654907226562,-1.3910764455795288
17600,0.13062499463558197,14.588374137878418,0.39874999999875393,21.978126525878906,-0.06682343780994415
17700,0.1668749898672104,15.030248641967773,0.4278124999986631,16.67226791381836,-0.175157830119133
17800,0.13187499344348907,14.529623985290527,0.37937499999881447,19.00925636291504,0.5264829993247986
17900,0.1106249988079071,14.161874771118164,0.3387499999989414,24.3795166015625,1.5699671506881714
18000,0.13187499344348907,14.83437442779541,0.3981249999987559,27.963871002197266,-0.7454015612602234
18100,0.19499999284744263,15.18074893951416,0.4109374999987158,19.623573303222656,-0.08151204884052277
18200,0.16624999046325684,15.3046236038208,0.4312499999986524,31.48339080810547,-1.9402896165847778
18300,0.1274999976158142,14.198872566223145,0.359999999998875,14.876585960388184,0.5817911028862
18400,0.11124999821186066,14.15487289428711,0.3665624999988545,21.801713943481445,0.4111166298389435
18500,0.1899999976158142,15.140499114990234,0.4121874999987119,31.10795021057129,-0.5757910013198853
18600,0.08999999612569809,14.409998893737793,0.3906249999987793,14.850861549377441,0.9344202280044556
18700,0.13124999403953552,14.599873542785645,0.38499999999879686,25.601512908935547,-0.3129328489303589
18800,0.10624999552965164,14.088998794555664,0.3674999999988516,19.044815063476562,-0.3458610475063324
18900,0.11687500029802322,14.59074878692627,0.37406249999883107,22.36367416381836,-0.34583476185798645
19000,0.1512499898672104,14.591999053955078,0.40187499999874415,24.926227569580078,-1.0413188934326172
19100,0.0949999988079071,14.577873229980469,0.36999999999884375,18.845596313476562,-0.47509250044822693
19200,0.20624999701976776,15.634748458862305,0.439999999998625,23.680994033813477,-1.3598021268844604
19300,0.1081250011920929,14.263998985290527,0.3312499999989649,18.495405197143555,-1.767501950263977
19400,0.1262499988079071,14.52349853515625,0.3809374999988096,20.55409049987793,0.4030469059944153
19500,0.17624999582767487,15.064873695373535,0.39781249999875684,17.096200942993164,-0.6613804697990417
19600,0.24062499403953552,15.366873741149902,0.4490624999985967,15.068236351013184,-0.4419354200363159
19700,0.16437499225139618,14.613247871398926,0.35374999999889456,16.607301712036133,-0.31495401263237
19800,0.0925000011920929,14.023624420166016,0.30187499999905665,18.342248916625977,0.8803811073303223
19900,0.14687499403953552,15.022249221801758,0.3784374999988174,23.60297203063965,-1.7592921257019043
20000,0.109375,14.360249519348145,0.3309374999989658,22.27424430847168,1.2009626626968384
20100,0.13625000417232513,14.86362361907959,0.35093749999890334,31.126720428466797,-0.274372935295105
20200,0.1668749898672104,14.666500091552734,0.3787499999988164,20.22067642211914,-0.3770122826099396
20300,0.16312499344348907,15.3673734664917,0.3940624999987686,18.861587524414062,-0.8660095930099487
20400,0.14624999463558197,14.836874961853027,0.34843749999891116,18.293495178222656,-0.6822107434272766
20500,0.12687499821186066,14.424623489379883,0.33062499999896683,21.74375343322754,1.4105442762374878
20600,0.1550000011920929,15.042874336242676,0.3843749999987988,16.67603874206543,-0.10865743458271027
20700,0.18562500178813934,15.153124809265137,0.40312499999874024,29.00214195251465,-0.30775201320648193
20800,0.16249999403953552,14.899749755859375,0.3743749999988301,26.70927619934082,1.5082132816314697
20900,0.10562499612569809,14.510249137878418,0.3568749999988848,22.137672424316406,1.3652832508087158
21000,0.15312500298023224,14.701125144958496,0.3824999999988047,24.323301315307617,1.3146294355392456
21100,0.15187498927116394,15.141374588012695,0.3943749999987676,23.1395263671875,0.22406619787216187
21200,0.08249999582767487,14.305248260498047,0.3118749999990254,25.68543815612793,0.9955469369888306
21300,0.09062499552965164,14.875,0.36999999999884375,48.57316207885742,0.4407395124435425
21400,0.18187499046325684,15.356498718261719,0.40281249999874125,18.68267059326172,-0.743554949760437
21500,0.14499999582767487,14.70274829864502,0.35374999999889456,17.997344970703125,-0.6793712973594666
21600,0.11874999850988388,14.505874633789062,0.3356249999989512,20.262725830078125,0.4524747431278229
21700,0.15812499821186066,14.709874153137207,0.3637499999988633,34.7655143737793,-0.2946743369102478
21800,0.14812499284744263,14.80062484741211,0.373749999998832,22.092119216918945,-0.10667531937360764
21900,0.09812499582767487,14.47299861907959,0.3409374999989346,14.249393463134766,-0.9819169044494629
22000,0.17125000059604645,14.769999504089355,0.3790624999988154,18.306602478027344,-2.1038784980773926
22100,0.16374999284744263,15.167874336242676,0.3918749999987754,19.769344329833984,-0.6975845694541931
22200,0.1512499898672104,15.14699935913086,0.38812499999878713,22.234926223754883,0.03894540295004845
22300,0.10187499970197678,14.348249435424805,0.32187499999899416,20.72791290283203,0.7978264093399048
22400,0.1393750011920929,14.906248092651367,0.36843749999884867,22.105560302734375,-0.8225265741348267
22500,0.1574999988079071,14.90049934387207,0.3809374999988096,21.843294143676758,-0.26780903339385986
22600,0.13249999284744263,14.878498077392578,0.35249999999889847,21.175695419311523,0.4756852686405182
22700,0.1887499988079071,15.473373413085938,0.39999999999875,19.685392379760742,-1.2335337400436401
22800,0.1287499964237213,14.553373336791992,0.32531249999898343,26.49651527404785,1.8891865015029907
22900,0.15625,14.906999588012695,0.35281249999889747,33.247459411621094,-0.8611180186271667
23000,0.18312498927116394,15.347623825073242,0.3931249999987715,19.714719772338867,-0.18463070690631866
23100,0.13499999046325684,14.493748664855957,0.34874999999891015,17.847780227661133,-0.7245309352874756
23200,0.1693750023841858,15.334623336791992,0.38843749999878613,17.657739639282227,-2.0372323989868164
23300,0.1393750011920929,14.875123023986816,0.359687499998876,27.524150848388672,-0.22581632435321808
23400,0.11437499523162842,14.318748474121094,0.3346874999989541,37.38566207885742,0.0010231563355773687
23500,0.1431249976158142,14.528874397277832,0.3531249999988965,17.359228134155273,0.5970091223716736
23600,0.12812499701976776,14.889999389648438,0.35624999999888673,21.06084632873535,0.6046667098999023
23700,0.17749999463558197,14.726874351501465,0.3796874999988135,20.644691467285156,-1.2483019828796387
23800,0.1574999988079071,14.741622924804688,0.3471874999989151,19.00794219970703,0.9278151392936707
23900,0.13875000178813934,14.28862476348877,0.32531249999898343,18.93268585205078,1.0065875053405762
24000,0.14749999344348907,14.297748565673828,0.3121874999990244,16.171546936035156,0.2593097686767578
24100,0.1743749976158142,15.375123977661133,0.3790624999988154,17.65414047241211,-1.1025750637054443
24200,0.21687500178813934,15.731498718261719,0.44468749999861035,17.251075744628906,-0.07277455180883408
24300,0.11687500029802322,13.944623947143555,0.3299999999989688,14.549151420593262,-1.8593614101409912
24400,0.2056249976158142,15.52199935913086,0.4418749999986192,32.72068786621094,-0.7687488794326782
24500,0.18062499165534973,14.948373794555664,0.3821874999988057,19.291011810302734,1.2771059274673462
24600,0.16374999284744263,14.718748092651367,0.3481249999989121,20.55171775817871,1.0547430515289307
24700,0.20874999463558197,15.532248497009277,0.3949999999987656,27.703189849853516,-0.515887439250946
24800,0.1393750011920929,15.293623924255371,0.35718749999888383,15.316044807434082,-1.292852759361267
24900,0.15812499821186066,15.345873832702637,0.3781249999988184,18.308385848999023,0.44378629326820374
25000,0.13499999046325684,14.725248336791992,0.3506249999989043,20.24418067932129,-0.10824946314096451
25100,0.14874999225139618,14.645499229431152,0.33781249999894436,16.632230758666992,0.8242981433868408
25200,0.15187498927116394,14.562872886657715,0.3556249999988887,15.521721839904785,-1.1374709606170654
25300,0.11562499403953552,14.231873512268066,0.31249999999902345,11.864348411560059,-0.6425397396087646
25400,0.17624999582767487,15.415873527526855,0.36968749999884476,34.724159240722656,-1.2050378322601318
25500,0.11249999701976776,14.708125114440918,0.3268749999989785,20.37419319152832,0.2204013615846634
25600,0.1706250011920929,15.263123512268066,0.3640624999988623,22.067420959472656,-1.7692159414291382
25700,0.14124999940395355,14.793124198913574,0.3365624999989483,21.186344146728516,1.117155909538269
25800,0.11812499910593033,14.755624771118164,0.3278124999989756,16.324623107910156,-1.2262301445007324
25900,0.14562499523162842,15.1017484664917,0.3521874999988994,17.02655601501465,-2.6614999771118164
26000,0.13187499344348907,14.88649845123291,0.3259374999989815,14.781817436218262,0.614500880241394
26100,0.09812499582767487,14.248749732971191,0.2824999999991172,24.454381942749023,0.9994006156921387
26200,0.13499999046325684,14.260624885559082,0.3099999999990313,23.112756729125977,1.0245569944381714
26300,0.08687499910593033,14.413373947143555,0.29562499999907615,35.15342330932617,-0.14217254519462585
26400,0.13249999284744263,14.489999771118164,0.32312499999899025,22.021808624267578,1.5051958560943604
26500,0.10499999672174454,14.6274995803833,0.2834374999991143,20.716785430908203,1.027732014656067
26600,0.11249999701976776,14.202624320983887,0.28031249999912405,21.06769371032715,-0.0941912829875946
26700,0.1393750011920929,14.844748497009277,0.3246874999989854,20.230024337768555,-1.8590178489685059
26800,0.16312499344348907,14.789749145507812,0.32749999999897655,14.889518737792969,-0.7260833382606506
26900,0.16312499344348907,15.295873641967773,0.34031249999893654,17.50154685974121,-0.5955691337585449
27000,0.13374999165534973,14.5833740234375,0.29218749999908694,28.78879737854004,-1.1673502922058105
27100,0.14374999701976776,14.933999061584473,0.3121874999990244,17.264245986938477,-0.7510256171226501
27200,0.13875000178813934,15.382498741149902,0.32531249999898343,16.28015899658203,-2.6994051933288574
27300,0.1287499964237213,14.721999168395996,0.306562499999042,17.80770492553711,0.33841148018836975
27400,0.11437499523162842,14.47387409210205,0.29249999999908594,21.85235023498535,1.6106573343276978
27500,0.16249999403953552,15.349498748779297,0.36874999999884767,23.450706481933594,0.6143116354942322
27600,0.15062499046325684,15.347373008728027,0.33499999999895314,24.61577796936035,-2.1491055488586426
27700,0.17249999940395355,14.982998847961426,0.3506249999989043,20.33258056640625,-1.601387619972229
27800,0.19249999523162842,14.92237377166748,0.3278124999989756,21.256139755249023,-1.228447437286377
27900,0.05624999850988388,13.831624031066895,0.23624999999926172,17.64695167541504,0.4005451500415802
28000,0.2068749964237213,15.378998756408691,0.35781249999888187,43.75992965698242,-1.6342250108718872
28100,0.14812499284744263,14.905248641967773,0.32624999999898047,20.9589900970459,1.8427205085754395
28200,0.1262499988079071,14.82874870300293,0.3131249999990215,17.792224884033203,-0.25732967257499695
28300,0.10875000059604645,14.9504976272583,0.30187499999905665,14.88573169708252,-0.6864942312240601
28400,0.14937499165534973,14.966873168945312,0.30937499999903323,19.484882354736328,-1.384807825088501
28500,0.09999999403953552,14.602374076843262,0.2862499999991055,19.47559928894043,0.5583928227424622
28600,0.1262499988079071,14.42499828338623,0.3265624999989795,20.24240493774414,-0.27457714080810547
28700,0.09375,14.406373977661133,0.29749999999907034,23.336336135864258,1.9534738063812256
28800,0.1862500011920929,15.812748908996582,0.40062499999874807,18.866487503051758,-2.070573091506958
28900,0.11749999970197678,14.04737377166748,0.27124999999915234,18.299806594848633,2.115825891494751
29000,0.16374999284744263,14.96312427520752,0.3471874999989151,20.5481014251709,-0.6957014799118042
29100,0.11499999463558197,14.881999015808105,0.2993749999990645,19.348724365234375,-0.44100409746170044
29200,0.15187498927116394,15.563874244689941,0.32624999999898047,28.871475219726562,1.9909316301345825
29300,0.13124999403953552,15.000749588012695,0.2990624999990654,19.70433807373047,-0.528452455997467
29400,0.20250000059604645,15.402873992919922,0.3690624999988467,19.00313949584961,0.6255872845649719
29500,0.15187498927116394,14.445749282836914,0.2878124999991006,16.275070190429688,-0.09833826869726181
29600,0.08749999850988388,14.241874694824219,0.23562499999926367,21.04458236694336,1.5750294923782349
29700,0.14937499165534973,14.1899995803833,0.2865624999991045,22.551578521728516,1.9823853969573975
29800,0.16749998927116394,15.09174919128418,0.36031249999887405,18.719364166259766,0.7863761782646179
29900,0.11124999821186066,15.122499465942383,0.2918749999990879,32.03384780883789,-2.3906173706054688
30000,0.14000000059604645,14.74699878692627,0.31874999999900394,14.65216064453125,-1.0787721872329712
30100,0.11812499910593033,14.4375,0.2621874999991807,14.982675552368164,1.3246700763702393
30200,0.15812499821186066,15.163373947143555,0.32874999999897264,23.834716796875,0.13737913966178894
30300,0.1537500023841858,15.0389986038208,0.3362499999989492,17.791584014892578,-2.817789316177368
30400,0.1706250011920929,15.252249717712402,0.3256249999989824,20.29627799987793,0.20169374346733093
30500,0.17874999344348907,15.328373908996582,0.31874999999900394,26.60771942138672,3.5209734439849854
30600,0.1356249898672104,14.933999061584473,0.3318749999989629,25.092676162719727,2.74422025680542
30700,0.16749998927116394,15.470373153686523,0.3503124999989053,23.85401153564453,-2.466416597366333
30800,0.13187499344348907,14.742998123168945,0.30812499999903714,25.054508209228516,1.8475669622421265
30900,0.16437499225139618,15.490623474121094,0.34656249999891703,41.837711334228516,-3.2456459999084473
31000,0.22312499582767487,15.434123992919922,0.3706249999988418,27.575292587280273,-1.1395933628082275
31100,0.1899999976158142,15.037748336791992,0.3584374999988799,20.229145050048828,-0.8920062184333801
31200,0.11562499403953552,14.529499053955078,0.28374999999911327,25.846479415893555,0.6775737404823303
31300,0.1550000011920929,14.827123641967773,0.30062499999906056,25.369314193725586,1.0896481275558472
31400,0.2381249964237213,16.14274787902832,0.41656249999869827,18.775503158569336,-0.14528165757656097
31500,0.11687500029802322,14.480499267578125,0.2618749999991816,19.32234001159668,-0.40806642174720764
31600,0.19874998927116394,15.51924991607666,0.36468749999886035,24.808996200561523,-0.013121060095727444
31700,0.15937499701976776,15.199873924255371,0.3299999999989688,21.662639617919922,1.0413007736206055
31800,0.19374999403953552,15.566999435424805,0.3521874999988994,18.77454948425293,0.42767152190208435
31900,0.19999998807907104,15.285873413085938,0.3515624999989014,20.1833438873291,0.6346207857131958
32000,0.19249999523162842,15.826374053955078,0.35406249999889355,17.426359176635742,-0.7825839519500732
32100,0.18312498927116394,14.590249061584473,0.3053124999990459,21.473459243774414,2.2512927055358887
32200,0.11999999731779099,14.714499473571777,0.26031249999918654,22.57137107849121,0.5570483207702637
32300,0.14749999344348907,15.203123092651367,0.32531249999898343,15.740801811218262,-1.842118740081787
32400,0.18437500298023224,15.262124061584473,0.33249999999896096,15.949570655822754,-1.3979403972625732
32500,0.15187498927116394,14.969623565673828,0.3037499999990508,15.970071792602539,-0.03311668336391449
32600,0.1393750011920929,14.516374588012695,0.26874999999916016,21.689655303955078,2.558415651321411
32700,0.13875000178813934,14.650124549865723,0.2787499999991289,16.820247650146484,2.826857566833496
32800,0.14562499523162842,14.50512409210205,0.2568749999991973,39.19712448120117,2.9089536666870117
32900,0.1381250023841858,15.023874282836914,0.27843749999912987,20.226490020751953,0.5485755801200867
33000,0.13625000417232513,14.331623077392578,0.25937499999918945,19.758943557739258,-0.22534126043319702
33100,0.18124999105930328,15.42499828338623,0.32312499999899025,21.30027198791504,-0.8093796968460083
33200,0.19624999165534973,15.461749076843262,0.3503124999989053,19.72142791748047,0.2484184056520462
33300,0.1574999988079071,14.808124542236328,0.27906249999912797,17.078847885131836,-0.7686450481414795
33400,0.1224999949336052,14.577123641967773,0.25624999999919923,19.591659545898438,1.2127193212509155
33500,0.16499999165534973,14.905749320983887,0.28062499999912305,18.66518211364746,0.7975317239761353
33600,0.16312499344348907,15.010124206542969,0.279687499999126,22.16075897216797,0.7614529132843018
33700,0.18937499821186066,15.488248825073242,0.3215624999989951,28.584218978881836,-2.09810733795166
33800,0.16249999403953552,14.985248565673828,0.29562499999907615,22.006507873535156,0.7287834286689758
33900,0.16062499582767487,15.017998695373535,0.28718749999910254,19.501785278320312,0.43712863326072693
34000,0.1287499964237213,14.75987434387207,0.266562499999167,19.125587463378906,0.8754631280899048
34100,0.1824999898672104,15.522998809814453,0.3131249999990215,18.93672752380371,-0.7128437757492065
34200,0.14499999582767487,14.92812442779541,0.28562499999910745,23.218921661376953,-1.0565351247787476
34300,0.1368750035762787,14.661248207092285,0.2503124999992178,25.39830207824707,2.131187915802002
34400,0.2068749964237213,15.234123229980469,0.3053124999990459,21.45866584777832,0.7023381590843201
34500,0.17687499523162842,14.527498245239258,0.28156249999912014,19.473384857177734,-2.759537935256958
34600,0.1837499886751175,15.87924861907959,0.33812499999894335,19.769590377807617,-3.3635363578796387
34700,0.12937499582767487,14.4452486038208,0.24999999999921876,30.413633346557617,0.0039231437258422375
34800,0.15062499046325684,14.683874130249023,0.2853124999991084,19.328516006469727,-0.12614339590072632
34900,0.22624999284744263,15.888375282287598,0.34749999999891407,30.149370193481445,-3.363802433013916
35000,0.21562498807907104,15.324124336242676,0.3249999999989844,21.604053497314453,-0.16172127425670624
35100,0.15312500298023224,15.28187370300293,0.2681249999991621,16.183910369873047,0.3633057773113251
35200,0.15625,14.988497734069824,0.2599999999991875,22.52737808227539,-2.874180555343628
35300,0.10187499970197678,14.395374298095703,0.22031249999931152,21.264644622802734,2.492567539215088
35400,0.19687499105930328,15.695999145507812,0.3034374999990518,16.068111419677734,0.2950103282928467
35500,0.21875,15.443373680114746,0.2949999999990781,23.78345489501953,0.0697610080242157
35600,0.17249999940395355,15.2264986038208,0.2812499999991211,18.001115798950195,0.1417248696088791
35700,0.18687500059604645,15.892748832702637,0.28999999999909376,21.67755699157715,-1.7306195497512817
35800,0.17624999582767487,14.732874870300293,0.26468749999917285,22.825607299804688,0.6240934729576111
35900,0.08749999850988388,14.524873733520508,0.19249999999939843,16.33025360107422,2.223924160003662
36000,0.17000000178813934,15.46049976348877,0.2831249999991152,20.897336959838867,0.27643170952796936
36100,0.14937499165534973,15.239873886108398,0.2621874999991807,22.188932418823242,0.09591825306415558
36200,0.19624999165534973,15.505748748779297,0.28593749999910645,18.472110748291016,1.6030815839767456
36300,0.18812499940395355,15.025874137878418,0.2596874999991885,21.880239486694336,1.6406400203704834
36400,0.17749999463558197,15.301248550415039,0.2628124999991787,18.82879638671875,0.9507972598075867
36500,0.15187498927116394,14.882373809814453,0.2543749999992051,14.64918041229248,1.2535837888717651
36600,0.17374999821186066,15.014749526977539,0.24562499999923243,20.1286563873291,-0.5069155097007751
36700,0.1381250023841858,15.094623565673828,0.23812499999925588,27.351102828979492,0.2611025869846344
36800,0.17999999225139618,15.337249755859375,0.27124999999915234,19.059009552001953,0.704944908618927
36900,0.1393750011920929,14.828125,0.23937499999925196,26.7774658203125,1.1181743144989014
37000,0.1824999898672104,15.25049877166748,0.25531249999920214,20.70611000061035,0.5975159406661987
37100,0.2056249976158142,15.213749885559082,0.25499999999920314,18.211408615112305,-0.24446523189544678
37200,0.1368750035762787,14.8514986038208,0.24593749999923145,18.743797302246094,-0.13134603202342987
37300,0.16749998927116394,15.052748680114746,0.27093749999915334,18.844404220581055,-0.35372307896614075
37400,0.19562499225139618,15.5704984664917,0.2787499999991289,17.56027603149414,-0.8486656546592712
37500,0.20999999344348907,15.123873710632324,0.2681249999991621,38.50514602661133,-0.027729036286473274
37600,0.16062499582767487,15.320624351501465,0.24593749999923145,20.893814086914062,-1.4084340333938599
37700,0.12124999612569809,14.800498962402344,0.20718749999935254,20.074438095092773,1.1874918937683105
37800,0.19999998807907104,15.177623748779297,0.26874999999916016,20.637454986572266,-0.9942857623100281
37900,0.20125000178813934,15.5548734664917,0.2896874999990947,26.840635299682617,-1.9487019777297974
38000,0.18437500298023224,15.697249412536621,0.2862499999991055,27.08949851989746,-2.3948049545288086
38100,0.21062499284744263,15.598625183105469,0.293124999999084,29.356645584106445,-1.0558631420135498
38200,0.16249999403953552,15.148874282836914,0.24062499999924805,18.060888290405273,0.5941964983940125
38300,0.24812500178813934,16.200124740600586,0.30843749999903614,14.009312629699707,-1.0783424377441406
38400,0.14374999701976776,14.723748207092285,0.2106249999993418,25.94769859313965,2.0978267192840576
38500,0.20812499523162842,15.728999137878418,0.30312499999905274,34.41526794433594,-0.6754519939422607
38600,0.16875000298023224,15.39437484741211,0.2512499999992149,22.077709197998047,0.25201091170310974
38700,0.14374999701976776,15.037373542785645,0.21843749999931739,23.388341903686523,-0.13863202929496765
38800,0.1431249976158142,15.2212495803833,0.23781249999925685,13.86710262298584,-0.1630949079990387
38900,0.10749999433755875,14.41412353515625,0.17624999999944924,17.606595993041992,1.265621542930603
39000,0.15062499046325684,14.920124053955078,0.20624999999935548,28.2629451751709,2.3880250453948975
39100,0.1743749976158142,14.91262435913086,0.23562499999926367,21.501983642578125,1.893558144569397
39200,0.19187499582767487,15.505499839782715,0.2556249999992012,27.16434097290039,1.3200594186782837
39300,0.1850000023841858,15.5077486038208,0.25281249999920996,20.47705841064453,0.8263009786605835
39400,0.14374999701976776,14.991125106811523,0.19937499999937697,21.953472137451172,-0.19257096946239471
39500,0.2043749988079071,15.210000038146973,0.27406249999914356,29.05646324157715,-0.5532122254371643
39600,0.15687499940395355,14.95824909210205,0.22062499999931057,16.349746704101562,0.8206949830055237
39700,0.19187499582767487,15.50049877166748,0.2746874999991416,20.0653133392334,-0.2952696979045868
39800,0.23937499523162842,15.207624435424805,0.27406249999914356,17.447898864746094,0.5362362265586853
39900,0.20374999940395355,15.527624130249023,0.2481249999992246,22.81926727294922,-0.3530731499195099
40000,0.17937499284744263,15.322999000549316,0.2465624999992295,22.757719039916992,-0.8229901790618896
40100,0.15812499821186066,15.068373680114746,0.20718749999935254,16.779144287109375,0.5555126667022705
40200,0.17999999225139618,15.240498542785645,0.24406249999923732,17.243410110473633,0.02590908482670784
40300,0.18312498927116394,15.25687313079834,0.20468749999936037,19.809940338134766,-0.04667652025818825
40400,0.20937499403953552,15.251749038696289,0.23781249999925685,17.316049575805664,0.0072524212300777435
40500,0.23999999463558197,16.084747314453125,0.3099999999990313,23.153705596923828,-1.0800923109054565
40600,0.21562498807907104,15.794875144958496,0.2584374999991924,36.28373718261719,-0.5498211979866028
40700,0.1550000011920929,15.263874053955078,0.21499999999932815,20.39519691467285,0.5961712598800659
40800,0.19312499463558197,14.81887435913086,0.2028124999993662,20.462366104125977,0.17567196488380432
40900,0.1981249898672104,15.463249206542969,0.23624999999926172,17.901548385620117,-0.65078204870224
41000,0.21062499284744263,15.327873229980469,0.2253124999992959,25.98552894592285,1.3290640115737915
41100,0.1537500023841858,15.077248573303223,0.20562499999935743,21.3669490814209,0.3302624821662903
41200,0.24687498807907104,15.909748077392578,0.29656249999907325,25.306367874145508,-0.722908616065979
41300,0.21812500059604645,15.17699909210205,0.23656249999926074,18.05173683166504,0.2022978663444519
41400,0.20812499523162842,15.298748016357422,0.24093749999924707,16.110445022583008,0.3792146146297455
41500,0.15312500298023224,14.737749099731445,0.18062499999943554,20.7908992767334,1.5049127340316772
41600,0.19249999523162842,15.582247734069824,0.22281249999930372,18.32339096069336,-0.4559983015060425
41700,0.23124998807907104,15.665374755859375,0.27624999999913674,22.85489273071289,-0.7641031742095947
41800,0.1756249964237213,15.186748504638672,0.21906249999931543,23.79831886291504,0.30322355031967163
41900,0.19687499105930328,15.383498191833496,0.23437499999926759,24.37191390991211,-0.6117932796478271
42000,0.19312499463558197,15.50899887084961,0.22749999999928908,17.288238525390625,-0.9275724291801453
42100,0.1574999988079071,15.079499244689941,0.17781249999944435,29.34219741821289,-1.434173345565796
42200,0.11625000089406967,14.251873016357422,0.13781249999956935,19.14950180053711,-0.5279762744903564
42300,0.22437499463558197,15.290873527526855,0.2199999999993125,50.90003204345703,-0.4394487142562866
42400,0.16124999523162842,15.58437442779541,0.2106249999993418,18.764244079589844,-2.29252552986145
42500,0.2331250011920929,15.35724925994873,0.23937499999925196,21.491535186767578,-0.14497557282447815
42600,0.19062499701976776,14.871749877929688,0.1943749999993926,33.438499450683594,-1.017269492149353
42700,0.2849999964237213,16.013750076293945,0.2999999999990625,36.720497131347656,-0.5497980117797852
42800,0.11625000089406967,14.2708740234375,0.1412499999995586,18.475318908691406,1.4082950353622437
42900,0.1681250035762787,15.726499557495117,0.20999999999934377,21.002309799194336,-2.6151630878448486
43000,0.19687499105930328,14.982999801635742,0.21312499999933399,31.4171085357666,1.7568131685256958
43100,0.18437500298023224,15.039875030517578,0.20906249999934667,30.762134552001953,1.9522087574005127
43200,0.1743749976158142,14.832624435424805,0.18093749999943456,21.531572341918945,-0.4427473545074463
43300,0.23375000059604645,15.552998542785645,0.2521874999992119,14.243099212646484,0.36497241258621216
43400,0.21437498927116394,15.730874061584473,0.22812499999928712,24.205678939819336,-0.21436896920204163
43500,0.21124999225139618,15.214248657226562,0.2293749999992832,25.525588989257812,-0.1884474903345108
43600,0.24249999225139618,16.009122848510742,0.279999999999125,25.721435546875,-1.6965636014938354
43700,0.18437500298023224,14.664623260498047,0.16531249999948341,14.984586715698242,0.1705227643251419
43800,0.1912499964237213,14.663749694824219,0.186562499999417,25.623376846313477,0.4463307857513428
43900,0.16875000298023224,15.171998977661133,0.17968749999943848,16.76583480834961,-1.464552402496338
44000,0.16749998927116394,15.340249061584473,0.20218749999936816,20.383358001708984,-1.4620388746261597
44100,0.18687500059604645,15.034624099731445,0.17281249999945997,27.04125213623047,1.0150325298309326
44200,0.25312498211860657,15.587873458862305,0.23343749999927052,19.146137237548828,1.5464707612991333
44300,0.234375,15.198248863220215,0.23406249999926856,24.835603713989258,-0.9655556678771973
44400,0.15937499701976776,14.860749244689941,0.1693749999994707,23.139087677001953,0.5155028104782104
44500,0.14562499523162842,14.932374954223633,0.15562499999951368,15.9092378616333,1.1303075551986694
44600,0.21937499940395355,15.381999015808105,0.21249999999933594,28.749439239501953,2.4054198265075684
44700,0.1993749886751175,14.637374877929688,0.1703124999994678,14.625834465026855,-0.9134892225265503
44800,0.1862500011920929,15.106873512268066,0.18999999999940625,22.054372787475586,0.4843328595161438
44900,0.18187499046325684,15.520499229431152,0.20593749999935645,22.35447120666504,-0.43755555152893066
45000,0.27250000834465027,15.457999229431152,0.23874999999925392,24.591066360473633,0.2598707675933838
45100,0.16124999523162842,15.177623748779297,0.18749999999941408,29.091482162475586,0.3294779062271118
45200,0.2149999886751175,15.452499389648438,0.22749999999928908,25.406085968017578,0.29701343178749084
45300,0.2306249886751175,15.563874244689941,0.22499999999929687,16.664020538330078,0.0052125114016234875
45400,0.3206250071525574,16.11574935913086,0.27624999999913674,28.26685905456543,1.5825247764587402
45500,0.13875000178813934,14.978625297546387,0.1628124999994912,17.003421783447266,-2.054475784301758
45600,0.21312499046325684,15.315998077392578,0.19656249999938574,18.47212791442871,-0.3889041543006897
45700,0.2212499976158142,15.793622970581055,0.2240624999992998,19.92777442932129,1.4789427518844604
45800,0.14812499284744263,15.033248901367188,0.1649999999994844,21.071401596069336,2.6583194732666016
45900,0.21812500059604645,15.945124626159668,0.22999999999928125,21.6461238861084,-0.2036622017621994
46000,0.15437500178813934,15.10925006866455,0.16531249999948341,18.87013816833496,1.5385674238204956
46100,0.24249999225139618,15.45937442779541,0.21531249999932717,28.186138153076172,2.1667895317077637
46200,0.21875,15.105500221252441,0.199999999999375,21.465654373168945,0.4997815489768982
46300,0.19249999523162842,15.079625129699707,0.1784374999994424,26.20965003967285,-2.500906467437744
46400,0.16062499582767487,15.47512435913086,0.16843749999947363,41.69224166870117,-0.5603251457214355
46500,0.19874998927116394,15.256125450134277,0.18312499999942775,20.328563690185547,-2.4808170795440674
46600,0.19187499582767487,15.05049991607666,0.17781249999944435,18.410579681396484,0.8897942304611206
46700,0.20624999701976776,15.250999450683594,0.19812499999938088,24.027429580688477,-1.5963937044143677
46800,0.1431249976158142,14.988872528076172,0.13656249999957323,29.924381256103516,-1.043168306350708
46900,0.171875,15.78237533569336,0.19656249999938574,19.97606658935547,-3.24605655670166
47000,0.32624998688697815,17.01187515258789,0.2887499999990977,19.926912307739258,2.051365375518799
47100,0.2643750011920929,16.65999984741211,0.2612499999991836,23.860111236572266,-0.3241937756538391
47200,0.27687498927116394,15.621125221252441,0.23562499999926367,23.22921371459961,2.0073351860046387
47300,0.22562499344348907,15.775374412536621,0.20718749999935254,18.69791030883789,-0.21089152991771698
47400,0.20999999344348907,15.686874389648438,0.1799999999994375,16.4266357421875,-3.504487991333008
47500,0.31187498569488525,16.56112289428711,0.2690624999991592,20.498577117919922,2.125091075897217
47600,0.23749999701976776,15.988248825073242,0.2171874999993213,20.236072540283203,-2.5434529781341553
47700,0.171875,15.46299934387207,0.17499999999945312,70.36234283447266,1.6041468381881714
47800,0.1599999964237213,15.09224796295166,0.1490624999995342,21.0460147857666,-4.122226715087891
47900,0.2306249886751175,15.467623710632324,0.19249999999939843,20.768802642822266,-3.1264336109161377
48000,0.22437499463558197,15.420000076293945,0.19374999999939455,39.173805236816406,2.440941333770752
48100,0.27437499165534973,15.74962329864502,0.21968749999931347,19.470670700073242,0.9637930989265442
48200,0.22499999403953552,15.506125450134277,0.19374999999939455,22.43716049194336,3.341308832168579
48300,0.2706249952316284,16.366498947143555,0.2359374999992627,24.09480094909668,2.3782405853271484
48400,0.2918750047683716,15.895623207092285,0.2568749999991973,14.071117401123047,-0.7259640097618103
48500,0.2356249988079071,15.763373374938965,0.20593749999935645,18.806350708007812,-0.0960841253399849
48600,0.24812500178813934,15.523625373840332,0.19687499999938476,21.152463912963867,0.33923977613449097
48700,0.1862500011920929,15.566750526428223,0.15624999999951172,12.810985565185547,-4.8281426429748535
48800,0.20125000178813934,15.774874687194824,0.1921874999993994,18.565467834472656,1.5519694089889526
48900,0.29874998331069946,16.762248992919922,0.27312499999914647,24.92703628540039,0.8664105534553528
49000,0.1850000023841858,15.764875411987305,0.17687499999944728,20.431873321533203,1.3573862314224243
49100,0.3062500059604645,16.90424919128418,0.2681249999991621,25.640155792236328,3.1951537132263184
49200,0.3181249797344208,17.04112434387207,0.30062499999906056,28.137374877929688,4.194108963012695
49300,0.19562499225139618,15.219499588012695,0.1746874999994541,16.317333221435547,0.3530505299568176
49400,0.24312499165534973,16.20374870300293,0.2037499999993633,22.25395965576172,6.201691150665283
49500,0.2862499952316284,15.73900032043457,0.2331249999992715,18.711956024169922,-0.5204760432243347
49600,0.27812498807907104,16.928874969482422,0.26687499999916603,25.579383850097656,2.9736318588256836
49700,0.27937498688697815,16.30249786376953,0.24593749999923145,22.836833953857422,-1.1389998197555542
49800,0.3100000023841858,16.990873336791992,0.279687499999126,25.12465476989746,-0.09763377159833908
49900,0.2737500071525574,16.707748413085938,0.2518749999992129,16.587581634521484,-1.3124712705612183
50000,0.27437499165534973,16.35162353515625,0.2481249999992246,27.670591354370117,-1.9863475561141968
50100,0.29374998807907104,16.622373580932617,0.26343749999917676,26.015644073486328,3.394753932952881
50200,0.2737500071525574,16.626998901367188,0.266562499999167,23.569486618041992,2.154839277267456
50300,0.31562498211860657,16.55762481689453,0.28156249999912014,22.338531494140625,1.6635127067565918
50400,0.3462499976158142,16.92974853515625,0.2949999999990781,22.21651840209961,1.8771390914916992
50500,0.3256250023841858,16.409000396728516,0.2612499999991836,24.97856330871582,5.426370143890381
50600,0.35999998450279236,16.728248596191406,0.27656249999913574,17.092771530151367,-2.3108181953430176
50700,0.29124999046325684,16.725624084472656,0.27124999999915234,21.865650177001953,0.8487756252288818
50800,0.26749998331069946,16.06724739074707,0.21812499999931836,20.800418853759766,-0.32569026947021484
50900,0.35499998927116394,17.458873748779297,0.3149999999990156,26.38325309753418,-0.2159116417169571
51000,0.30937498807907104,17.024124145507812,0.2893749999990957,15.448131561279297,-1.225097894668579
51100,0.3050000071525574,16.779499053955078,0.2787499999991289,24.508373260498047,1.3208518028259277
51200,0.28062498569488525,16.272748947143555,0.2453124999992334,17.46078872680664,-0.2608029544353485
51300,0.33812499046325684,17.13775062561035,0.3012499999990586,20.71380043029785,-1.8374896049499512
51400,0.29749998450279236,16.868499755859375,0.2718749999991504,26.89427375793457,3.653568983078003
51500,0.3181249797344208,16.779998779296875,0.2681249999991621,19.037925720214844,-1.9844533205032349
51600,0.21187499165534973,16.006624221801758,0.19281249999939748,17.971603393554688,-1.3614821434020996
51700,0.42374998331069946,18.06662368774414,0.4037499999987383,31.005725860595703,4.407974720001221
51800,0.27937498688697815,16.83749771118164,0.24062499999924805,29.420146942138672,-1.8692295551300049
51900,0.3162499964237213,17.5208740234375,0.293749999999082,21.407424926757812,-0.21577592194080353
52000,0.3174999952316284,17.198999404907227,0.28593749999910645,25.229040145874023,-2.921935558319092
52100,0.34312498569488525,18.018749237060547,0.31687499999900975,24.815671920776367,2.915299415588379
52200,0.28187498450279236,16.84862518310547,0.2599999999991875,23.77590560913086,-3.577754020690918
52300,0.3581250011920929,17.813499450683594,0.35531249999888964,29.5300235748291,3.0412168502807617
52400,0.26124998927116394,16.395248413085938,0.2384374999992549,19.078516006469727,-4.523005962371826
52500,0.2887499928474426,16.19162368774414,0.23781249999925685,19.446767807006836,-1.074155569076538
52600,0.35749998688697815,17.71987533569336,0.3128124999990225,19.11188507080078,-1.7401041984558105
52700,0.2593750059604645,16.782623291015625,0.23624999999926172,18.19929313659668,-2.768549919128418
52800,0.33812499046325684,16.72199821472168,0.266249999999168,23.6301212310791,2.4174582958221436
52900,0.32749998569488525,16.800872802734375,0.2724999999991484,17.192419052124023,-0.2827509641647339
53000,0.3474999964237213,17.14474868774414,0.3074999999990391,23.34926986694336,-1.890248417854309
53100,0.37562498450279236,17.22337532043457,0.32343749999898924,37.09044647216797,3.171849012374878
53200,0.3356249928474426,16.94074821472168,0.27843749999912987,14.598638534545898,-3.648021697998047
53300,0.3037499785423279,17.31599998474121,0.2637499999991758,16.3598575592041,-2.820664882659912
53400,0.45249998569488525,18.41237449645996,0.3896874999987822,23.215734481811523,-1.5607397556304932
53500,0.29499998688697815,17.013248443603516,0.25406249999920605,20.999469757080078,-0.991576075553894
53600,0.28187498450279236,17.426000595092773,0.2681249999991621,19.355093002319336,-1.7483112812042236
53700,0.22874999046325684,16.094249725341797,0.1921874999993994,19.74418067932129,-1.9748616218566895
53800,0.2737500071525574,16.649747848510742,0.22562499999929492,22.847909927368164,1.037523627281189
53900,0.35624998807907104,17.753498077392578,0.333437499998958,27.238346099853516,2.383836030960083
54000,0.3075000047683716,17.15825080871582,0.2728124999991475,19.23932647705078,-1.7939449548721313
54100,0.32874998450279236,17.25787353515625,0.2840624999991123,21.597349166870117,1.4253861904144287
54200,0.32249999046325684,17.480375289916992,0.2746874999991416,17.737539291381836,-1.4872021675109863
54300,0.3981249928474426,18.159875869750977,0.373749999998832,37.3727912902832,3.2822539806365967
54400,0.3806249797344208,17.97974967956543,0.3428124999989287,16.685806274414062,-0.989698588848114
54500,0.2693749964237213,16.28849983215332,0.2253124999992959,17.716047286987305,0.2580045759677887
54600,0.33812499046325684,17.538124084472656,0.3174999999990078,28.076642990112305,3.192162036895752
54700,0.4193750023841858,17.646875381469727,0.3521874999988994,25.231801986694336,0.1563214659690857
54800,0.3087500035762787,17.32499885559082,0.3003124999990615,29.666139602661133,-1.8049464225769043
54900,0.3568750023841858,17.2288761138916,0.31874999999900394,28.271686553955078,1.3291538953781128
55000,0.24249999225139618,16.10162353515625,0.19562499999938868,19.760921478271484,-2.997727155685425
55100,0.3725000023841858,17.75724983215332,0.3159374999990127,36.48426818847656,4.838015079498291
55200,0.38374999165534973,17.582374572753906,0.32874999999897264,30.5272159576416,4.200702667236328
55300,0.421875,18.088998794555664,0.37656249999882324,31.323102951049805,3.9104442596435547
55400,0.34562498331069946,17.373125076293945,0.3159374999990127,18.891401290893555,0.5399850606918335
55500,0.3362500071525574,16.970748901367188,0.27499999999914065,21.73115348815918,-3.2335848808288574
55600,0.2906250059604645,16.98812484741211,0.23937499999925196,26.930782318115234,-3.5931365489959717
55700,0.37687498331069946,17.23499870300293,0.28999999999909376,22.734451293945312,2.29959774017334
55800,0.3512499928474426,17.338499069213867,0.28156249999912014,19.378944396972656,-6.993326663970947
55900,0.43812498450279236,18.062124252319336,0.3568749999988848,23.031993865966797,1.7013280391693115
56000,0.29624998569488525,16.877500534057617,0.25374999999920705,25.767786026000977,2.893394947052002
56100,0.3137499988079071,17.12649917602539,0.2681249999991621,17.40979766845703,-6.7569499015808105
56200,0.27937498688697815,16.96875,0.25249999999921097,24.350008010864258,2.8728933334350586
56300,0.27937498688697815,16.71937370300293,0.22812499999928712,26.666019439697266,0.9037982821464539
56400,0.31187498569488525,17.495248794555664,0.3053124999990459,27.111791610717773,0.3386097252368927
56500,0.36937499046325684,17.660625457763672,0.31249999999902345,20.630781173706055,-6.628764629364014
56600,0.3187499940395355,17.218124389648438,0.2706249999991543,25.710086822509766,0.1721518486738205
56700,0.3974999785423279,18.330625534057617,0.35249999999889847,26.27780532836914,2.4851977825164795
56800,0.28562498092651367,16.891124725341797,0.24687499999922852,13.706274032592773,-4.510873317718506
56900,0.2874999940395355,17.069000244140625,0.25937499999918945,25.614856719970703,-2.287240743637085
57000,0.26624998450279236,16.606624603271484,0.2318749999992754,20.467567443847656,-1.0921974182128906
57100,0.34375,17.39937400817871,0.30843749999903614,26.14626693725586,3.4570870399475098
57200,0.30562499165534973,16.916624069213867,0.26312499999917777,18.20974349975586,-0.0875067412853241
57300,0.2381249964237213,16.068124771118164,0.2012499999993711,19.463897705078125,-0.41102901101112366
57400,0.34812498092651367,17.004249572753906,0.2878124999991006,22.014619827270508,2.07387375831604
57500,0.2524999976158142,16.687623977661133,0.22156249999930763,44.47405242919922,2.490685224533081
57600,0.3412500023841858,17.74250030517578,0.30062499999906056,15.883864402770996,-3.7384536266326904
57700,0.3006249964237213,17.21037483215332,0.26468749999917285,27.288875579833984,-1.0165414810180664
57800,0.3193749785423279,17.29374885559082,0.26593749999916894,19.371849060058594,-2.6951358318328857
57900,0.3425000011920929,17.54574966430664,0.30499999999904687,19.741085052490234,-1.3608647584915161
58000,0.4243749976158142,18.61050033569336,0.36843749999884867,30.75006866455078,0.8602662682533264
58100,0.3349999785423279,17.196624755859375,0.2690624999991592,17.990299224853516,-1.2218987941741943
58200,0.3856250047683716,17.278873443603516,0.2999999999990625,20.479469299316406,2.6576294898986816
58300,0.3931249976158142,17.65887451171875,0.3215624999989951,14.35889720916748,-2.0064170360565186
58400,0.3556250035762787,17.54462432861328,0.31374999999901954,23.527667999267578,0.16302171349525452
58500,0.36374998092651367,18.022499084472656,0.33781249999894436,34.428749084472656,-1.1878507137298584
58600,0.3981249928474426,17.861125946044922,0.3353124999989522,25.61264419555664,2.221403121948242
58700,0.3231250047683716,17.2864990234375,0.29093749999909085,25.870262145996094,1.830370545387268
58800,0.3543750047683716,17.21387481689453,0.2681249999991621,20.344863891601562,-2.0672740936279297
58900,0.4131249785423279,19.021373748779297,0.4037499999987383,26.440563201904297,0.4049837291240692
59000,0.38624998927116394,17.86287498474121,0.32531249999898343,17.462982177734375,-2.5440826416015625
59100,0.398749977350235,18.027374267578125,0.3256249999989824,17.924293518066406,1.509040117263794
59200,0.3075000047683716,16.69337272644043,0.2437499999992383,23.062726974487305,3.504087448120117
59300,0.44749999046325684,18.345500946044922,0.3715624999988389,32.928314208984375,-0.47832149267196655
59400,0.3506249785423279,17.50149917602539,0.2834374999991143,25.766931533813477,1.5990737676620483
59500,0.4124999940395355,18.589624404907227,0.37656249999882324,23.79010009765625,-0.7814996838569641
59600,0.37062498927116394,17.974124908447266,0.319687499999001,16.165992736816406,-2.530674695968628
59700,0.4243749976158142,18.477874755859375,0.3490624999989092,16.660398483276367,-0.5981388092041016
59800,0.35499998927116394,18.010875701904297,0.32437499999898634,19.08751678466797,-0.431281179189682
59900,0.27562499046325684,16.96074867248535,0.2515624999992139,26.030275344848633,-0.5818838477134705
60000,0.3943749964237213,17.958499908447266,0.33406249999895604,25.968088150024414,0.77329421043396
60100,0.31562498211860657,16.853750228881836,0.26437499999917385,18.489856719970703,-3.2709498405456543
60200,0.3293749988079071,17.171125411987305,0.28187499999911914,28.712478637695312,1.8527625799179077
60300,0.39937499165534973,18.62562370300293,0.38999999999878127,23.068532943725586,1.00494384765625
60400,0.3412500023841858,17.091999053955078,0.2768749999991348,17.591543197631836,-1.8771177530288696
60500,0.32874998450279236,17.69099998474121,0.28687499999910354,23.144323348999023,3.1492841243743896
60600,0.32249999046325684,16.81199836730957,0.2621874999991807,22.694835662841797,0.0887691006064415
60700,0.3362500071525574,16.595375061035156,0.2568749999991973,18.452465057373047,0.0407850407063961
60800,0.3649999797344208,18.081499099731445,0.319374999999002,25.268606185913086,1.7463458776474
60900,0.37187498807907104,17.831499099731445,0.31906249999900294,21.250242233276367,1.1896196603775024
61000,0.3812499940395355,18.31650161743164,0.35406249999889355,42.77816390991211,5.474692344665527
61100,0.2524999976158142,16.532249450683594,0.23156249999927636,22.289213180541992,-2.070822238922119
61200,0.4375,18.011125564575195,0.3559374999988877,21.16072654724121,2.47064471244812
61300,0.35874998569488525,17.21324920654297,0.27374999999914457,16.99297332763672,1.085630178451538
61400,0.37562498450279236,18.025373458862305,0.3290624999989717,26.056556701660156,1.172160029411316
61500,0.3474999964237213,17.849123001098633,0.3034374999990518,34.86833572387695,3.6333930492401123
61600,0.3006249964237213,16.89674949645996,0.2621874999991807,25.335010528564453,1.565759301185608
61700,0.3712500035762787,17.448999404907227,0.30843749999903614,23.035593032836914,-1.7234435081481934
61800,0.3149999976158142,16.65974998474121,0.253437499999208,37.62284469604492,3.540922164916992
61900,0.3337499797344208,17.91387367248535,0.2940624999990811,20.99944305419922,-0.8064194917678833
62000,0.3100000023841858,16.1929988861084,0.21749999999932032,15.106378555297852,-1.6662256717681885
62100,0.2712499797344208,16.95574951171875,0.226249999999293,19.21200180053711,0.8354715704917908
62200,0.32499998807907104,17.012874603271484,0.267187499999165,25.689937591552734,1.295116901397705
62300,0.22499999403953552,15.926249504089355,0.1931249999993965,27.346935272216797,-0.5013997554779053
62400,0.3512499928474426,17.536874771118164,0.27843749999912987,19.362964630126953,1.3165949583053589
62500,0.3649999797344208,17.95162582397461,0.32093749999899707,20.58336639404297,-2.4765164852142334
62600,0.3868750035762787,17.44649887084961,0.3037499999990508,18.607114791870117,0.9173136353492737
62700,0.38374999165534973,18.412124633789062,0.3531249999988965,28.430843353271484,2.8474066257476807
62800,0.39124998450279236,18.3336238861084,0.3481249999989121,34.59063720703125,4.192025661468506
62900,0.37187498807907104,17.368375778198242,0.3037499999990508,31.304920196533203,2.21942400932312
63000,0.29499998688697815,16.60887336730957,0.23124999999927734,16.56842803955078,-1.8741650581359863
63100,0.3812499940395355,17.189498901367188,0.3012499999990586,18.859621047973633,-0.8884247541427612
63200,0.2862499952316284,16.55824851989746,0.24781249999922558,27.958009719848633,3.255915403366089
63300,0.328125,17.244874954223633,0.2556249999992012,21.31696891784668,-3.7659263610839844
63400,0.3318749964237213,17.491374969482422,0.28374999999911327,28.426477432250977,0.7957781553268433
63500,0.4293749928474426,18.49512481689453,0.35249999999889847,29.859363555908203,-0.5248578786849976
63600,0.3725000023841858,17.722375869750977,0.3162499999990117,20.465723037719727,-1.345506191253662
63700,0.421875,18.262250900268555,0.35281249999889747,26.339792251586914,-3.942932367324829
63800,0.375,17.246374130249023,0.2840624999991123,19.12833595275879,0.46040597558021545
63900,0.3149999976158142,17.621124267578125,0.2734374999991455,18.394975662231445,-0.7486929297447205
64000,0.35999998450279236,17.576000213623047,0.293749999999082,22.619638442993164,-1.2824788093566895
64100,0.3100000023841858,17.45637321472168,0.2843749999991113,29.102764129638672,-3.8365612030029297
64200,0.3931249976158142,18.178375244140625,0.33281249999895995,32.12511444091797,2.735867738723755
64300,0.38624998927116394,18.38687515258789,0.35781249999888187,24.876096725463867,1.034260630607605
64400,0.32874998450279236,17.15862464904785,0.28281249999911623,19.489046096801758,-1.9033384323120117
64500,0.37562498450279236,18.00112533569336,0.3184374999990049,18.093637466430664,-2.5507946014404297
64600,0.34687498211860657,17.692249298095703,0.28062499999912305,20.894390106201172,-5.3679375648498535
64700,0.3293749988079071,17.46912384033203,0.28687499999910354,24.539674758911133,2.7726757526397705
64800,0.3981249928474426,18.273000717163086,0.3384374999989424,19.20640754699707,0.48394185304641724
64900,0.3943749964237213,17.069623947143555,0.2849999999991094,23.09305191040039,-6.385283946990967
65000,0.3462499976158142,18.36574935913086,0.3237499999989883,32.19461441040039,4.41629695892334
65100,0.3112500011920929,16.752500534057617,0.24499999999923439,16.803041458129883,-3.2141964435577393
65200,0.3581250011920929,17.499000549316406,0.30499999999904687,26.18905258178711,0.454655259847641
65300,0.328125,17.058500289916992,0.2609374999991846,27.129213333129883,-1.527769923210144
65400,0.30124998092651367,17.452749252319336,0.27218749999914943,25.3853816986084,-1.4748541116714478
65500,0.29874998331069946,16.913249969482422,0.2618749999991816,29.30353546142578,1.0176273584365845
65600,0.38874998688697815,17.54974937438965,0.3109374999990283,26.061824798583984,1.149553894996643
65700,0.29374998807907104,17.328372955322266,0.24937499999922072,22.575571060180664,0.9617791771888733
65800,0.3193749785423279,17.53012466430664,0.26437499999917385,15.246222496032715,-4.720487594604492
65900,0.40687498450279236,18.3956241607666,0.36031249999887405,37.346885681152344,5.108571529388428
66000,0.33124998211860657,17.65887451171875,0.3056249999990449,20.618379592895508,-1.6348859071731567
66100,0.3206250071525574,17.4427490234375,0.2743749999991426,22.2730712890625,-0.6964739561080933
66200,0.390625,17.704126358032227,0.33499999999895314,26.85177993774414,1.0196908712387085
66300,0.3943749964237213,17.759748458862305,0.3237499999989883,21.292404174804688,-1.078703761100769
66400,0.3543750047683716,17.757123947143555,0.3149999999990156,18.445730209350586,-3.1773383617401123
66500,0.3656249940395355,17.67675018310547,0.31562499999901367,22.615163803100586,-0.05788101628422737
66600,0.40437498688697815,18.33399772644043,0.35656249999888573,18.850482940673828,0.7151620984077454
66700,0.4206250011920929,17.91962432861328,0.3353124999989522,21.67359161376953,1.9517319202423096
66800,0.33937498927116394,17.43987464904785,0.2724999999991484,19.503658294677734,-0.001482997671701014
66900,0.3243750035762787,17.36862564086914,0.28031249999912405,23.662128448486328,-0.8591881990432739
67000,0.28999999165534973,16.50724983215332,0.24343749999923928,36.68545913696289,3.903812885284424
67100,0.265625,16.453125,0.23093749999927832,21.387096405029297,-0.16357660293579102
67200,0.4050000011920929,18.203874588012695,0.33249999999896096,19.746902465820312,2.160818099975586
67300,0.32624998688697815,17.641124725341797,0.27093749999915334,21.61574935913086,-3.4483790397644043
67400,0.31062498688697815,16.875749588012695,0.2453124999992334,22.728097915649414,-1.5614783763885498
67500,0.31187498569488525,16.925874710083008,0.24343749999923928,18.100183486938477,2.0554637908935547
67600,0.4168750047683716,18.48787498474121,0.3521874999988994,32.170387268066406,2.969357967376709
67700,0.32499998807907104,16.85274887084961,0.2518749999992129,25.52130699157715,0.16221308708190918
67800,0.3506249785423279,17.828624725341797,0.3003124999990615,22.36660385131836,1.7866075038909912
67900,0.34687498211860657,17.566999435424805,0.2940624999990811,19.134170532226562,-5.351423740386963
68000,0.2849999964237213,16.97287368774414,0.23562499999926367,23.35611343383789,-2.1267597675323486
68100,0.4025000035762787,18.086999893188477,0.33812499999894335,25.963468551635742,1.7109514474868774
68200,0.34062498807907104,17.99712371826172,0.31468749999901663,32.45597457885742,2.480077028274536
68300,0.5137500166893005,19.33799934387207,0.42749999999866406,19.5679931640625,-1.6658567190170288
68400,0.34375,17.688249588012695,0.3246874999989854,22.76778221130371,1.068859338760376
68500,0.3668749928474426,17.948123931884766,0.3181249999990059,16.978212356567383,-1.4618651866912842
68600,0.36937499046325684,17.505374908447266,0.29968749999906347,20.285436630249023,4.156188488006592
68700,0.3425000011920929,17.246000289916992,0.292812499999085,26.017484664916992,1.7356494665145874
68800,0.265625,17.126123428344727,0.23937499999925196,18.361574172973633,1.2257952690124512
68900,0.3506249785423279,17.569875717163086,0.28593749999910645,38.26567840576172,4.776845932006836
69000,0.40625,17.81012535095215,0.32937499999897074,20.796812057495117,1.459795355796814
69100,0.40937498211860657,18.464874267578125,0.36031249999887405,21.346540451049805,-0.05965757742524147
69200,0.3931249976158142,17.638750076293945,0.3174999999990078,16.112934112548828,0.7101976871490479
69300,0.3449999988079071,17.604249954223633,0.28687499999910354,26.52765655517578,0.021527087315917015
69400,0.42499998211860657,18.308124542236328,0.36593749999885644,30.1272029876709,4.0638580322265625
69500,0.3425000011920929,17.487375259399414,0.2959374999990752,16.08359146118164,0.2772902250289917
69600,0.429999977350235,18.438249588012695,0.35406249999889355,24.183080673217773,0.8125976920127869
69700,0.3231250047683716,17.183124542236328,0.2849999999991094,29.398597717285156,3.1262571811676025
69800,0.40812498331069946,17.842374801635742,0.31124999999902736,37.73579406738281,-0.14376139640808105
69900,0.40187498927116394,19.018999099731445,0.37656249999882324,22.418506622314453,-2.983588695526123
70000,0.4375,18.396249771118164,0.3546874999988916,19.643333435058594,-1.8142648935317993
70100,0.3656249940395355,17.699499130249023,0.2993749999990645,18.99243927001953,-1.1074799299240112
70200,0.453125,18.368375778198242,0.35656249999888573,28.95218276977539,-2.654749631881714
70300,0.3725000023841858,17.56137466430664,0.28812499999909963,30.341856002807617,0.9984351992607117
70400,0.3806249797344208,18.308000564575195,0.34593749999891893,26.899856567382812,-0.47316694259643555
70500,0.4274999797344208,18.050249099731445,0.3374999999989453,24.683374404907227,2.7478420734405518
70600,0.43687498569488525,18.451749801635742,0.35656249999888573,26.91251564025879,-0.49146729707717896
70700,0.3231250047683716,17.398874282836914,0.2768749999991348,25.039230346679688,0.3835150897502899
70800,0.34687498211860657,18.002500534057617,0.3118749999990254,18.56093406677246,1.2694568634033203
70900,0.32374998927116394,17.37274932861328,0.2715624999991514,22.64954948425293,-2.737792491912842
71000,0.3806249797344208,17.794248580932617,0.30406249999904983,13.97410774230957,-0.8709709048271179
71100,0.3218750059604645,17.38599967956543,0.2781249999991309,16.6251220703125,-6.328984260559082
71200,0.3687500059604645,17.74074935913086,0.30937499999903323,39.06294250488281,4.708035469055176
71300,0.29624998569488525,17.25287437438965,0.2653124999991709,24.593774795532227,-2.5870885848999023
71400,0.351874977350235,16.905376434326172,0.2546874999992041,24.243253707885742,2.1788928508758545
71500,0.43062499165534973,18.529998779296875,0.3534374999988955,22.7408390045166,-3.9477758407592773
71600,0.40937498211860657,18.141374588012695,0.33906249999894045,24.419260025024414,3.60890531539917
71700,0.31562498211860657,17.49537467956543,0.2778124999991318,24.84586524963379,2.8925042152404785
71800,0.33812499046325684,17.67399787902832,0.29249999999908594,23.454042434692383,1.0097172260284424
71900,0.31187498569488525,17.342374801635742,0.26874999999916016,22.330150604248047,-1.2630881071090698
72000,0.3968749940395355,17.72087287902832,0.31031249999903027,23.3752384185791,-0.8973372578620911
72100,0.38499999046325684,18.299875259399414,0.3556249999988887,26.387407302856445,0.40669143199920654
72200,0.3631249964237213,18.109622955322266,0.3265624999989795,23.650049209594727,1.4816396236419678
72300,0.4281249940395355,17.927249908447266,0.3343749999989551,14.113663673400879,-1.9240195751190186
72400,0.28125,16.407875061035156,0.23343749999927052,33.51846694946289,-3.0482754707336426
72500,0.3962499797344208,17.53187370300293,0.3153124999990147,21.37324333190918,-3.546989917755127
72600,0.37437498569488525,17.85974884033203,0.319374999999002,22.63369369506836,-0.18054471909999847
72700,0.3531250059604645,17.728248596191406,0.3024999999990547,23.064790725708008,-1.812949776649475
72800,0.3687500059604645,18.310749053955078,0.31999999999900003,23.301496505737305,-1.615902066230774
72900,0.3725000023841858,17.3333740234375,0.2981249999990684,23.36610984802246,0.581173300743103
73000,0.32499998807907104,17.416873931884766,0.279999999999125,22.693891525268555,1.9081525802612305
73100,0.421875,18.234622955322266,0.33281249999895995,34.52755355834961,-6.118302822113037
73200,0.414374977350235,18.193248748779297,0.34749999999891407,40.44292068481445,4.231980323791504
73300,0.39499998092651367,17.737998962402344,0.3159374999990127,31.275218963623047,-4.776429653167725
73400,0.351874977350235,17.70462417602539,0.28812499999909963,14.375568389892578,-2.78572154045105
73500,0.34437498450279236,17.246625900268555,0.2715624999991514,19.06219482421875,1.358601450920105
73600,0.32749998569488525,17.839500427246094,0.29781249999906934,17.98716163635254,-0.2437324970960617
73700,0.4243749976158142,17.96187400817871,0.34124999999893363,13.905546188354492,-4.001710414886475
73800,0.2737500071525574,16.769498825073242,0.21499999999932815,12.93967056274414,-6.662655353546143
73900,0.30687499046325684,17.388999938964844,0.24499999999923439,18.61451530456543,-1.4510644674301147
74000,0.3493749797344208,17.884498596191406,0.2946874999990791,16.67271614074707,-0.8551768064498901
74100,0.3787499964237213,18.447124481201172,0.3481249999989121,20.745080947875977,-2.0277774333953857
74200,0.38749998807907104,17.175748825073242,0.2824999999991172,26.27506446838379,-2.0553624629974365
74300,0.3531250059604645,18.010498046875,0.30499999999904687,22.61326026916504,4.073739528656006
74400,0.34187498688697815,17.72712516784668,0.2903124999990928,27.633586883544922,-1.3283354043960571
74500,0.32124999165534973,17.17074966430664,0.26062499999918554,18.02235221862793,-2.2951061725616455
74600,0.35874998569488525,17.60675048828125,0.30812499999903714,30.901081085205078,-1.5813004970550537
74700,0.36937499046325684,18.055500030517578,0.3206249999989981,21.215232849121094,0.08753111213445663
74800,0.32749998569488525,17.053749084472656,0.24687499999922852,20.854604721069336,-5.611379146575928
74900,0.3968749940395355,17.220874786376953,0.29874999999906643,19.552759170532227,-2.940596342086792
75000,0.38874998688697815,18.223501205444336,0.3353124999989522,24.341520309448242,-1.2197091579437256
75100,0.35374999046325684,17.624876022338867,0.319687499999001,24.85384178161621,-0.23061348497867584
75200,0.40687498450279236,18.8278751373291,0.36343749999886427,23.05446434020996,0.014713560231029987
75300,0.3818749785423279,18.129499435424805,0.3181249999990059,19.326051712036133,-2.357119560241699
75400,0.4325000047683716,18.573749542236328,0.36062499999887304,24.05295753479004,1.8410289287567139
75500,0.36937499046325684,17.060998916625977,0.29124999999908985,35.17336654663086,1.3793421983718872
75600,0.4543749988079071,18.889373779296875,0.39374999999876953,16.876855850219727,-1.1342618465423584
75700,0.44624999165534973,17.970123291015625,0.35781249999888187,25.471271514892578,2.76714825630188
75800,0.35499998927116394,17.630374908447266,0.31031249999903027,19.499530792236328,0.17628289759159088
75900,0.40625,17.852624893188477,0.31906249999900294,20.740205764770508,2.72531795501709
76000,0.3806249797344208,17.884124755859375,0.32218749999899315,26.342443466186523,1.4005677700042725
76100,0.27562499046325684,17.35650062561035,0.27093749999915334,16.865949630737305,-2.687173366546631
76200,0.4449999928474426,18.673500061035156,0.3756249999988262,22.73438262939453,-2.5963048934936523
76300,0.383124977350235,18.01675033569336,0.32093749999899707,18.711896896362305,1.4136978387832642
76400,0.42624998092651367,18.29724884033203,0.3374999999989453,19.491823196411133,2.0551528930664062
76500,0.40812498331069946,18.106998443603516,0.34124999999893363,24.216604232788086,1.0657905340194702
76600,0.32124999165534973,17.64175033569336,0.29218749999908694,17.717103958129883,-3.3063066005706787
76700,0.4350000023841858,18.384374618530273,0.3628124999988662,30.007125854492188,3.356581926345825
76800,0.375,18.069875717163086,0.3078124999990381,18.592191696166992,-2.0847887992858887
76900,0.3337499797344208,17.91262435913086,0.3090624999990342,24.3792724609375,1.2332390546798706
77000,0.3631249964237213,17.250749588012695,0.2849999999991094,18.010204315185547,-1.200082540512085
77100,0.4581249952316284,18.595624923706055,0.3799999999988125,18.32011604309082,-0.481240838766098
77200,0.43062499165534973,17.811626434326172,0.3384374999989424,25.32733154296875,1.2874164581298828
77300,0.37312498688697815,17.61924934387207,0.29656249999907325,22.50284194946289,-1.4813913106918335
77400,0.34812498092651367,17.823749542236328,0.2999999999990625,16.83885383605957,-1.412400484085083
77500,0.39374998211860657,17.626874923706055,0.3143749999990176,13.344931602478027,0.203775554895401
77600,0.42499998211860657,18.513500213623047,0.37406249999883107,22.314329147338867,3.4660086631774902
77700,0.32749998569488525,17.3278751373291,0.28999999999909376,22.286563873291016,1.1948597431182861
77800,0.41999998688697815,17.918874740600586,0.3365624999989483,17.445079803466797,-0.6443748474121094
77900,0.3943749964237213,17.944124221801758,0.3128124999990225,24.810379028320312,-0.003331252606585622
78000,0.3050000071525574,17.842248916625977,0.27749999999913283,22.164094924926758,0.8760779500007629
78100,0.421875,18.229000091552734,0.35249999999889847,17.269062042236328,-1.2951511144638062
78200,0.4243749976158142,17.912874221801758,0.3493749999989082,26.289661407470703,3.515752077102661
78300,0.3606249988079071,17.857624053955078,0.3181249999990059,28.207265853881836,0.5984693765640259
78400,0.5118749737739563,18.876625061035156,0.41656249999869827,20.131820678710938,0.9675858616828918
78500,0.34062498807907104,17.570499420166016,0.28906249999909667,20.073486328125,-0.40654662251472473
78600,0.3799999952316284,17.943498611450195,0.32093749999899707,17.07404899597168,-1.309833288192749
78700,0.37187498807907104,17.703001022338867,0.3046874999990479,23.51665687561035,1.995449185371399
78800,0.2893750071525574,17.23237419128418,0.2565624999991982,25.447917938232422,-1.1145482063293457
78900,0.39249998331069946,17.408750534057617,0.306562499999042,27.172029495239258,2.57572340965271
79000,0.37687498331069946,17.900375366210938,0.3278124999989756,13.827634811401367,-4.728903770446777
79100,0.4906249940395355,19.367374420166016,0.43906249999862795,29.288461685180664,-1.0028523206710815
79200,0.35874998569488525,17.61112403869629,0.2968749999990723,32.36915588378906,0.8263170719146729
79300,0.37062498927116394,18.359750747680664,0.35187499999890043,26.21430015563965,2.1944758892059326
79400,0.3843750059604645,17.815500259399414,0.32874999999897264,33.196128845214844,0.8608046770095825
79500,0.3725000023841858,17.533498764038086,0.3224999999989922,28.014455795288086,0.7516473531723022
79600,0.328125,17.210248947143555,0.27656249999913574,16.022924423217773,-1.827332615852356
79700,0.35874998569488525,17.271875381469727,0.2949999999990781,20.058197021484375,0.18962310254573822
79800,0.39249998331069946,17.81312370300293,0.3181249999990059,17.410493850708008,-0.24004344642162323
79900,0.4806250035762787,18.796499252319336,0.4087499999987227,22.4339542388916,0.6049770712852478
80000,0.46187499165534973,18.521499633789062,0.38843749999878613,23.08011817932129,0.8143818974494934
80100,0.3668749928474426,18.019622802734375,0.3321874999989619,18.269006729125977,-1.5968440771102905
80200,0.37312498688697815,17.954124450683594,0.3278124999989756,25.870223999023438,0.3714783787727356
80300,0.4156249761581421,17.631750106811523,0.3303124999989678,23.93750762939453,0.12384210526943207
80400,0.35749998688697815,17.859622955322266,0.3074999999990391,20.761119842529297,0.9333462715148926
80500,0.4118749797344208,18.136999130249023,0.3559374999988877,25.257740020751953,2.2757582664489746
80600,0.4781249761581421,18.90650177001953,0.3946874999987666,22.527450561523438,-2.76225209236145
80700,0.40687498450279236,18.39674949645996,0.3440624999989248,18.998641967773438,-1.2820813655853271
80800,0.5268749594688416,19.6041259765625,0.4440624999986123,29.11697006225586,-1.333132028579712
80900,0.40187498927116394,17.95637321472168,0.3228124999989912,21.74155616760254,1.1966084241867065
81000,0.36937499046325684,17.763124465942383,0.3143749999990176,17.839187622070312,-1.8626470565795898
81100,0.3868750035762787,18.23912239074707,0.3574999999988828,24.18035888671875,2.3926315307617188
81200,0.4556249976158142,18.955123901367188,0.4171874999986963,23.23089599609375,1.6338169574737549
81300,0.4087499976158142,18.89525032043457,0.36437499999886136,21.741992950439453,-2.6857614517211914
81400,0.35624998807907104,17.46062469482422,0.2959374999990752,19.230209350585938,-2.027055501937866
81500,0.4181250035762787,18.024124145507812,0.33781249999894436,22.681396484375,-0.30132022500038147
81600,0.40812498331069946,17.862499237060547,0.3362499999989492,21.49569320678711,2.4360244274139404
81700,0.44874998927116394,18.65774917602539,0.4053124999987334,28.344932556152344,2.6180033683776855
81800,0.3543750047683716,17.94012451171875,0.33937499999893944,23.51705551147461,-0.20992089807987213
81900,0.38499999046325684,17.709375381469727,0.3212499999989961,24.877653121948242,1.5060607194900513
82000,0.44062498211860657,18.746124267578125,0.3662499999988555,26.01715660095215,1.9046621322631836
82100,0.3199999928474426,17.441999435424805,0.26687499999916603,17.595245361328125,-0.49699652194976807
82200,0.3824999928474426,17.890249252319336,0.3162499999990117,19.19258689880371,-0.024645840749144554
82300,0.39937499165534973,18.422624588012695,0.3506249999989043,20.27336311340332,1.7043157815933228
82400,0.4712499976158142,18.52287483215332,0.37749999999882033,21.174734115600586,1.8709347248077393
82500,0.37062498927116394,17.77112579345703,0.30937499999903323,20.77223777770996,0.5995327234268188
82600,0.3568750023841858,17.97637367248535,0.3162499999990117,14.741301536560059,-2.0354435443878174
82700,0.37312498688697815,17.54775047302246,0.29531249999907716,15.917045593261719,-3.3893377780914307
82800,0.35874998569488525,17.741249084472656,0.3037499999990508,14.124898910522461,1.2230037450790405
82900,0.3356249928474426,17.910499572753906,0.2896874999990947,15.049859046936035,-2.421909809112549
83000,0.3712500035762787,17.710874557495117,0.29781249999906934,23.107248306274414,-1.88155996799469
83100,0.4762499928474426,19.077251434326172,0.41249999999871095,18.088167190551758,-0.23080497980117798
83200,0.2643750011920929,16.464374542236328,0.2012499999993711,26.470762252807617,-0.2328810840845108
83300,0.2893750071525574,16.599748611450195,0.2515624999992139,20.57942771911621,-2.5107650756835938
83400,0.3362500071525574,17.51624870300293,0.29562499999907615,17.676122665405273,-2.2314908504486084
83500,0.43437498807907104,18.73012351989746,0.3840624999987998,26.564855575561523,0.24436414241790771
83600,0.32124999165534973,17.43437385559082,0.29343749999908303,36.161720275878906,0.8902369141578674
83700,0.3799999952316284,17.955123901367188,0.3237499999989883,18.203927993774414,-4.8340349197387695
83800,0.32249999046325684,17.780248641967773,0.3046874999990479,19.379426956176758,-1.5479676723480225
83900,0.3493749797344208,17.95024871826172,0.29562499999907615,22.187578201293945,-3.4604380130767822
84000,0.4074999988079071,18.762876510620117,0.3799999999988125,17.43811798095703,-1.1367977857589722
84100,0.3968749940395355,18.113624572753906,0.3384374999989424,22.978363037109375,-0.7873475551605225
84200,0.3412500023841858,16.702749252319336,0.2596874999991885,22.814712524414062,-1.3083828687667847
84300,0.3700000047683716,18.114999771118164,0.3174999999990078,21.838642120361328,0.9857279062271118
84400,0.41999998688697815,17.889123916625977,0.33406249999895604,22.33108901977539,1.5356687307357788
84500,0.4424999952316284,18.253999710083008,0.35093749999890334,22.358367919921875,1.7372304201126099
84600,0.33249998092651367,17.628124237060547,0.29437499999908007,17.037853240966797,-2.842442512512207
84700,0.3425000011920929,17.720123291015625,0.28999999999909376,28.018415451049805,-0.17151156067848206
84800,0.38499999046325684,17.908376693725586,0.3143749999990176,13.044053077697754,-4.270142555236816
84900,0.4012500047683716,19.125749588012695,0.3628124999988662,31.964624404907227,-0.02557281218469143
85000,0.414374977350235,18.329999923706055,0.3665624999988545,20.889474868774414,-1.4869502782821655
85100,0.3268750011920929,17.881624221801758,0.29124999999908985,27.52497673034668,3.2113137245178223
85200,0.3543750047683716,18.10162353515625,0.3268749999989785,25.807157516479492,-0.31943002343177795
85300,0.31187498569488525,17.489126205444336,0.27218749999914943,18.01441764831543,-2.908837080001831
85400,0.3181249797344208,17.545499801635742,0.2718749999991504,19.79744529724121,0.42458489537239075
85500,0.3174999952316284,17.298873901367188,0.28281249999911623,22.439102172851562,-1.9698631763458252
85600,0.3974999785423279,17.77574920654297,0.3321874999989619,24.83998680114746,-3.241468906402588
85700,0.29249998927116394,17.09112548828125,0.23687499999925976,19.500837326049805,-2.2278175354003906
85800,0.4118749797344208,18.014623641967773,0.32531249999898343,23.569053649902344,2.244307279586792
85900,0.4399999976158142,18.51300048828125,0.3824999999988047,30.88819122314453,2.281461238861084
86000,0.41624999046325684,18.495624542236328,0.33937499999893944,32.76202392578125,1.1627711057662964
86100,0.4749999940395355,18.64875030517578,0.3718749999988379,25.098289489746094,1.4902641773223877
86200,0.43687498569488525,18.889999389648438,0.3874999999987891,26.373769760131836,1.8050785064697266
86300,0.3268750011920929,17.66387367248535,0.267187499999165,13.25113582611084,-2.7287352085113525
86400,0.43437498807907104,18.649250030517578,0.3781249999988184,26.546669006347656,-3.1610796451568604
86500,0.34812498092651367,17.645000457763672,0.2893749999990957,13.875554084777832,-1.2167999744415283
86600,0.359375,17.690624237060547,0.293749999999082,26.142210006713867,1.3232393264770508
86700,0.4206250011920929,18.2497501373291,0.33406249999895604,18.83942985534668,0.6284921169281006
86800,0.3512499928474426,18.514625549316406,0.33937499999893944,36.464691162109375,3.8151633739471436
86900,0.32874998450279236,17.106374740600586,0.2624999999991797,14.369481086730957,-2.3693368434906006
87000,0.36249998211860657,17.690874099731445,0.3024999999990547,14.469775199890137,-3.7775516510009766
87100,0.36812499165534973,17.97024917602539,0.3299999999989688,25.203611373901367,0.124392569065094
87200,0.4831250011920929,18.26650047302246,0.3878124999987881,16.699993133544922,0.548450231552124
87300,0.30812498927116394,16.951374053955078,0.26593749999916894,27.18522071838379,-0.30292853713035583
87400,0.3087500035762787,17.068124771118164,0.2596874999991885,20.560468673706055,-0.5548553466796875
87500,0.31562498211860657,17.32724952697754,0.2649999999991719,31.165180206298828,1.516453504562378
87600,0.3893750011920929,17.665124893188477,0.31031249999903027,19.63799476623535,-3.315302610397339
87700,0.2981249988079071,16.827123641967773,0.22968749999928223,20.44769287109375,-1.097368597984314
87800,0.43687498569488525,18.83162498474121,0.3809374999988096,31.053085327148438,0.07251671701669693
87900,0.4637499749660492,18.52699851989746,0.3706249999988418,20.44454574584961,-0.5126585960388184
88000,0.3462499976158142,17.70149803161621,0.27749999999913283,26.67595100402832,-0.4894796907901764
88100,0.3387500047683716,17.98212432861328,0.3143749999990176,41.44794845581055,1.0739191770553589
88200,0.39124998450279236,18.05500030517578,0.333437499998958,21.90254020690918,0.5586467981338501
88300,0.4231249988079071,18.42912483215332,0.34343749999892675,22.40918731689453,1.37686026096344
88400,0.3737500011920929,17.658498764038086,0.2946874999990791,20.849395751953125,-0.8763567805290222
88500,0.36249998211860657,17.592750549316406,0.29562499999907615,22.50819969177246,-1.5259162187576294
88600,0.3506249785423279,17.618873596191406,0.31249999999902345,28.94975471496582,0.8151357173919678
88700,0.31312498450279236,17.605375289916992,0.266249999999168,22.325870513916016,-2.054088592529297
88800,0.37812498211860657,18.095748901367188,0.3212499999989961,11.215304374694824,-2.603163242340088
88900,0.3618749976158142,17.617626190185547,0.2993749999990645,18.20985984802246,1.0161161422729492
89000,0.36937499046325684,18.144874572753906,0.3318749999989629,19.774669647216797,-1.5210167169570923
89100,0.421875,18.37849998474121,0.3665624999988545,28.308500289916992,3.3564794063568115
89200,0.3174999952316284,17.137998580932617,0.2624999999991797,30.896371841430664,-3.3514821529388428
89300,0.37562498450279236,18.178874969482422,0.32531249999898343,24.50857162475586,1.0417097806930542
89400,0.4293749928474426,17.932125091552734,0.3515624999989014,24.6464786529541,-2.553463935852051
89500,0.46875,18.405874252319336,0.372812499998835,24.161224365234375,2.3975796699523926
89600,0.43062499165534973,18.283124923706055,0.34749999999891407,20.9423770904541,-2.182283639907837
89700,0.38499999046325684,18.527999877929688,0.33374999999895705,16.851367950439453,-0.8317362070083618
89800,0.35374999046325684,17.77349853515625,0.3053124999990459,18.098648071289062,-3.6819605827331543
89900,0.421875,18.29137420654297,0.33499999999895314,16.344282150268555,-1.4757511615753174
90000,0.30562499165534973,17.249624252319336,0.2706249999991543,23.80801010131836,-2.3072943687438965
90100,0.4556249976158142,18.801124572753906,0.38843749999878613,21.61452293395996,1.9255685806274414
90200,0.4112499952316284,18.722625732421875,0.3674999999988516,19.55620574951172,-1.3995566368103027
90300,0.453125,18.26712417602539,0.3674999999988516,17.26734161376953,-3.346012830734253
90400,0.4268749952316284,18.360374450683594,0.3478124999989131,20.750940322875977,-3.200491189956665
90500,0.3931249976158142,17.75062370300293,0.31874999999900394,14.778197288513184,0.6166338324546814
90600,0.3606249988079071,17.967750549316406,0.3149999999990156,22.719396591186523,-0.8093387484550476
90700,0.47062498331069946,18.44762420654297,0.3715624999988389,27.238237380981445,2.696688652038574
90800,0.4256249964237213,18.39550018310547,0.3662499999988555,20.415802001953125,-0.16515807807445526
90900,0.36812499165534973,17.363998413085938,0.28593749999910645,12.828946113586426,0.704628586769104
91000,0.48874998092651367,18.724498748779297,0.4109374999987158,28.28386878967285,2.555495262145996
91100,0.39937499165534973,18.283750534057617,0.33781249999894436,23.21575164794922,-3.279775857925415
91200,0.32249999046325684,17.139373779296875,0.2649999999991719,14.547651290893555,-4.930150508880615
91300,0.4350000023841858,18.643375396728516,0.38999999999878127,25.049882888793945,0.8691507577896118
91400,0.44999998807907104,18.32699966430664,0.3662499999988555,24.924850463867188,1.230333685874939
91500,0.39374998211860657,17.714624404907227,0.3224999999989922,34.32252502441406,1.2975958585739136
91600,0.34375,17.084999084472656,0.2771874999991338,21.879413604736328,-3.7865166664123535
91700,0.32749998569488525,17.175748825073242,0.2624999999991797,27.94985580444336,-4.185563087463379
91800,0.4118749797344208,17.97800064086914,0.32624999999898047,21.70035743713379,-2.4056060314178467
91900,0.35749998688697815,17.709749221801758,0.30406249999904983,15.26374626159668,-2.771784543991089
92000,0.3787499964237213,17.65399932861328,0.29656249999907325,21.26373863220215,2.3764100074768066
92100,0.40625,18.494375228881836,0.35937499999887695,15.697041511535645,-2.536764144897461
92200,0.33812499046325684,17.706750869750977,0.30843749999903614,17.354259490966797,-1.3333996534347534
92300,0.40937498211860657,18.60274887084961,0.36343749999886427,23.262968063354492,-1.2668523788452148
92400,0.3812499940395355,17.65199851989746,0.31124999999902736,24.11432647705078,0.7376788258552551
92500,0.4168750047683716,18.89437484741211,0.3768749999988223,23.961084365844727,1.0811548233032227
92600,0.4556249976158142,18.281625747680664,0.3693749999988457,19.80712127685547,-2.972302198410034
92700,0.4437499940395355,19.330123901367188,0.4015624999987451,21.77956199645996,2.1432995796203613
92800,0.36249998211860657,18.179624557495117,0.31999999999900003,22.402236938476562,-2.9317257404327393
92900,0.3631249964237213,17.80500030517578,0.3053124999990459,20.4588623046875,1.6215044260025024
93000,0.4037500023841858,17.617876052856445,0.3162499999990117,22.133377075195312,1.7245721817016602
93100,0.37812498211860657,17.94999885559082,0.3246874999989854,27.685148239135742,1.975603461265564
93200,0.3787499964237213,17.91237449645996,0.3159374999990127,22.548500061035156,0.28512442111968994
93300,0.390625,18.213624954223633,0.3281249999989746,25.373023986816406,-0.5339781045913696
93400,0.36249998211860657,18.17487335205078,0.3256249999989824,27.545629501342773,-0.1369502991437912
93500,0.40937498211860657,17.885374069213867,0.32874999999897264,19.002910614013672,1.9406129121780396
93600,0.3349999785423279,18.160749435424805,0.30312499999905274,14.398820877075195,-2.389214277267456
93700,0.41499999165534973,17.91762351989746,0.32312499999899025,20.72869300842285,-2.5590991973876953
93800,0.3818749785423279,17.98474884033203,0.3237499999989883,16.273603439331055,0.9271894693374634
93900,0.3349999785423279,17.68174934387207,0.2878124999991006,20.997760772705078,-2.0320663452148438
94000,0.4312499761581421,18.37762451171875,0.35093749999890334,24.42454719543457,0.08033936470746994
94100,0.45499998331069946,18.650875091552734,0.38281249999880373,26.89607048034668,-4.356873989105225
94200,0.3818749785423279,18.069250106811523,0.3303124999989678,24.133180618286133,1.69231116771698
94300,0.4274999797344208,18.01012420654297,0.34437499999892385,24.47162437438965,-1.1746437549591064
94400,0.3787499964237213,17.855375289916992,0.3121874999990244,17.796188354492188,-1.297196388244629
94500,0.44999998807907104,18.775625228881836,0.36874999999884767,24.889541625976562,2.330960988998413
94600,0.4274999797344208,18.929622650146484,0.3893749999987832,19.164472579956055,-1.7251367568969727
94700,0.42624998092651367,17.997873306274414,0.33937499999893944,19.022912979125977,2.445660352706909
94800,0.3506249785423279,17.867624282836914,0.3140624999990186,21.288959503173828,-0.42832785844802856
94900,0.40187498927116394,18.416250228881836,0.3343749999989551,14.435507774353027,-0.8660361766815186
95000,0.37437498569488525,18.169124603271484,0.3228124999989912,22.212610244750977,-0.2891448140144348
95100,0.4193750023841858,18.38224983215332,0.346874999998916,19.35123634338379,-1.0210721492767334
95200,0.4675000011920929,18.632375717163086,0.38843749999878613,24.222278594970703,-2.5190067291259766
95300,0.43562498688697815,18.785249710083008,0.3746874999988291,23.374977111816406,-0.7753627300262451
95400,0.35624998807907104,17.51712417602539,0.28812499999909963,26.203800201416016,-1.6433970928192139
95500,0.390625,18.21612548828125,0.3449999999989219,30.68562889099121,3.097527265548706
95600,0.41624999046325684,17.875499725341797,0.3174999999990078,23.18526268005371,1.5172315835952759
95700,0.3375000059604645,17.878124237060547,0.2893749999990957,18.451379776000977,-2.4414913654327393
95800,0.3774999976158142,17.91037368774414,0.3174999999990078,17.525726318359375,-0.5583369731903076
95900,0.3643749952316284,17.821001052856445,0.29093749999909085,26.721569061279297,-0.017987847328186035
96000,0.3362500071525574,17.45662498474121,0.2906249999990918,24.31907081604004,1.691048502922058
96100,0.4050000011920929,18.28362464904785,0.34124999999893363,21.54412841796875,0.8281453251838684
96200,0.3687500059604645,17.55562400817871,0.30937499999903323,17.70612144470215,1.0060347318649292
96300,0.32249999046325684,17.64299964904785,0.2812499999991211,17.011463165283203,0.23574359714984894
96400,0.37312498688697815,18.013124465942383,0.3249999999989844,26.224313735961914,0.7842510938644409
96500,0.43562498688697815,18.597623825073242,0.37218749999883693,22.98727035522461,-0.9050767421722412
96600,0.3493749797344208,18.31024932861328,0.3174999999990078,20.766124725341797,-0.24209503829479218
96700,0.359375,17.881874084472656,0.3184374999990049,26.83489418029785,-0.35014522075653076
96800,0.39249998331069946,18.119625091552734,0.32874999999897264,26.44569206237793,0.8796296119689941
96900,0.4675000011920929,18.503000259399414,0.39343749999877053,23.538949966430664,1.6016923189163208
97000,0.3318749964237213,17.82499885559082,0.28718749999910254,11.637076377868652,-0.6008313298225403
97100,0.367499977350235,18.098875045776367,0.31343749999902054,24.660669326782227,0.07608859986066818
97200,0.3581250011920929,17.897499084472656,0.30156249999905765,20.78059196472168,-3.0616068840026855
97300,0.42124998569488525,18.633501052856445,0.36999999999884375,23.426454544067383,-1.7965171337127686
97400,0.4593749940395355,18.86199951171875,0.39531249999876467,24.7580509185791,1.4969557523727417
97500,0.3268750011920929,17.603374481201172,0.3056249999990449,25.98708152770996,0.08375784754753113
97600,0.3956249952316284,18.137123107910156,0.3143749999990176,21.113401412963867,1.390979528427124
97700,0.3824999928474426,17.78012466430664,0.3099999999990313,17.91189193725586,-2.9444527626037598
97800,0.36374998092651367,18.021623611450195,0.31374999999901954,17.102985382080078,-1.1623226404190063
97900,0.38499999046325684,18.10387420654297,0.3265624999989795,22.324460983276367,-0.28495562076568604
98000,0.4206250011920929,18.93025016784668,0.39343749999877053,29.04413604736328,1.6155186891555786
98100,0.4274999797344208,18.454374313354492,0.36187499999886913,19.483112335205078,-0.6145305633544922
98200,0.39499998092651367,18.42937469482422,0.3478124999989131,16.786909103393555,-1.8784546852111816
98300,0.3668749928474426,17.675748825073242,0.31656249999901076,20.0322265625,0.24550125002861023
98400,0.3687500059604645,17.979000091552734,0.31031249999903027,15.85802173614502,-2.423553943634033
98500,0.3112500011920929,16.875,0.26031249999918654,25.174522399902344,-0.6424859762191772
98600,0.4468749761581421,19.293624877929688,0.39906249999875293,21.764616012573242,1.7395110130310059
98700,0.36124998331069946,18.37912368774414,0.33687499999894727,15.168461799621582,-0.9291680455207825
98800,0.36374998092651367,17.57124900817871,0.28812499999909963,21.841289520263672,-2.6997201442718506
98900,0.44624999165534973,18.21612548828125,0.3609374999988721,30.31916046142578,1.8111398220062256
99000,0.3412500023841858,16.776748657226562,0.2584374999991924,21.81840705871582,2.7730660438537598
99100,0.4037500023841858,18.644250869750977,0.3637499999988633,21.913124084472656,-0.5227882266044617
99200,0.38999998569488525,18.584375381469727,0.3556249999988887,32.88892364501953,0.4443345367908478
99300,0.33937498927116394,17.981124877929688,0.31249999999902345,21.21590232849121,-0.12351752817630768
99400,0.4437499940395355,18.75762367248535,0.3915624999987764,27.676881790161133,1.5157310962677002
99500,0.3187499940395355,17.35124969482422,0.2831249999991152,24.427284240722656,0.5180866718292236
99600,0.36374998092651367,17.3804988861084,0.2756249999991387,22.687911987304688,-2.3514256477355957
99700,0.40562498569488525,17.986249923706055,0.3303124999989678,21.117576599121094,-0.4599931836128235
99800,0.3337499797344208,17.926124572753906,0.31374999999901954,17.603776931762695,-0.4152330458164215
99900,0.3206250071525574,17.240625381469727,0.2734374999991455,21.81381607055664,0.21624723076820374
100000,0.43687498569488525,18.376373291015625,0.3362499999989492,26.457223892211914,-2.5929653644561768
100100,0.3725000023841858,17.803625106811523,0.31374999999901954,26.907102584838867,-0.31860706210136414
100200,0.4050000011920929,18.081998825073242,0.32624999999898047,23.78132438659668,-2.2634687423706055
100300,0.34062498807907104,17.52924919128418,0.2824999999991172,21.10458755493164,0.5882706046104431
100400,0.3356249928474426,18.013750076293945,0.29656249999907325,15.128622055053711,0.37002915143966675
100500,0.429999977350235,18.551374435424805,0.36031249999887405,18.027772903442383,-1.5739787817001343
100600,0.3506249785423279,17.592998504638672,0.2993749999990645,24.642791748046875,1.760195255279541
100700,0.3725000023841858,17.623498916625977,0.28593749999910645,24.613492965698242,1.7765694856643677
100800,0.39249998331069946,18.034875869750977,0.3149999999990156,18.88323974609375,-1.696085810661316
100900,0.4581249952316284,18.623998641967773,0.37093749999884085,11.640768051147461,-1.1166309118270874
101000,0.3868750035762787,17.57387351989746,0.30624999999904295,18.17813491821289,-0.2959849238395691
101100,0.41624999046325684,18.176124572753906,0.34656249999891703,20.06682777404785,-1.8654323816299438
101200,0.3606249988079071,17.90949821472168,0.31999999999900003,23.282564163208008,-0.6829245090484619
101300,0.37187498807907104,17.974750518798828,0.32218749999899315,26.599397659301758,2.156827688217163
101400,0.3737500011920929,17.714874267578125,0.30843749999903614,22.394887924194336,-1.8509516716003418
101500,0.3712500035762787,18.12350082397461,0.3184374999990049,17.76179313659668,-0.36976033449172974
101600,0.43187499046325684,18.165374755859375,0.34218749999893067,22.021957397460938,0.8189460635185242
101700,0.34687498211860657,17.275999069213867,0.2849999999991094,23.605405807495117,1.2845451831817627
101800,0.3737500011920929,17.945249557495117,0.3118749999990254,26.278499603271484,2.456979513168335
101900,0.42249998450279236,18.941749572753906,0.3771874999988213,39.588470458984375,-4.344676494598389
102000,0.3425000011920929,17.45425033569336,0.27124999999915234,21.438831329345703,-2.4589498043060303
102100,0.40187498927116394,17.610124588012695,0.31374999999901954,20.93905258178711,0.4634266793727875
102200,0.35624998807907104,17.796998977661133,0.2981249999990684,19.255786895751953,-1.358721137046814
102300,0.46562498807907104,18.689624786376953,0.37749999999882033,27.800209045410156,1.9508978128433228
102400,0.3318749964237213,17.689998626708984,0.2840624999991123,15.211077690124512,-1.4483250379562378
102500,0.4337500035762787,18.32237434387207,0.3481249999989121,19.831867218017578,-0.40520569682121277
102600,0.414374977350235,18.809749603271484,0.37749999999882033,24.289445877075195,0.6676705479621887
102700,0.3656249940395355,17.86662483215332,0.31562499999901367,20.133169174194336,-0.7594931721687317
102800,0.5112499594688416,19.431499481201172,0.42031249999868653,82.76535034179688,1.2162625789642334
102900,0.43062499165534973,19.03712272644043,0.373437499998833,20.91189193725586,-1.6588886976242065
103000,0.38874998688697815,18.329124450683594,0.3318749999989629,23.79271697998047,0.49896755814552307
103100,0.47062498331069946,18.770124435424805,0.3787499999988164,16.743553161621094,1.1406298875808716
103200,0.390625,18.020374298095703,0.32531249999898343,22.20509147644043,-0.5027916431427002
103300,0.34687498211860657,17.96762466430664,0.30624999999904295,20.315317153930664,-0.8611887097358704
103400,0.3687500059604645,17.45412254333496,0.279999999999125,22.29662322998047,0.6240977048873901
103500,0.49812498688697815,19.684749603271484,0.44593749999860643,21.629493713378906,0.05163111165165901
103600,0.3868750035762787,18.11750030517578,0.34312499999892776,20.87274169921875,1.3539165258407593
103700,0.3581250011920929,17.665874481201172,0.29124999999908985,17.177104949951172,-1.762481689453125
103800,0.3643749952316284,18.0935001373291,0.306874999999041,24.567373275756836,-1.9449801445007324
103900,0.35874998569488525,18.263999938964844,0.3206249999989981,15.64908218383789,-1.4921010732650757
104000,0.48749998211860657,18.85325050354004,0.39749999999875785,26.51902198791504,0.8040529489517212
104100,0.38374999165534973,18.279624938964844,0.3256249999989824,17.51342010498047,-2.559077024459839
104200,0.37437498569488525,17.73787498474121,0.293749999999082,18.574081420898438,-1.1307982206344604
104300,0.40937498211860657,18.272375106811523,0.34874999999891015,24.672954559326172,-0.5782254934310913
104400,0.4293749928474426,18.494123458862305,0.34437499999892385,13.687081336975098,-0.45530542731285095
104500,0.43187499046325684,18.463375091552734,0.35249999999889847,19.854318618774414,1.5149118900299072
104600,0.4243749976158142,18.26650047302246,0.3574999999988828,20.137353897094727,-1.6977428197860718
